Shareholder - Name	Issuer - Name	Security - Report Date	Security - Type	Data Source URL
AMF Pension	Addlife	2025-03-06	Swedish Stock	https://www.amf.se/globalassets/pdf/rapporter/innehav_2024.pdf
AMF Pension	AddTech	2025-03-06	Swedish Stock	https://www.amf.se/globalassets/pdf/rapporter/innehav_2024.pdf
AMF Pension	Alfa Laval	2025-03-06	Swedish Stock	https://www.amf.se/globalassets/pdf/rapporter/innehav_2024.pdf
AMF Pension	Assa Abloy	2025-03-06	Swedish Stock	https://www.amf.se/globalassets/pdf/rapporter/innehav_2024.pdf
AMF Pension	AstraZeneca	2025-03-06	Swedish Stock	https://www.amf.se/globalassets/pdf/rapporter/innehav_2024.pdf
AMF Pension	Atlas Copco	2025-03-06	Swedish Stock	https://www.amf.se/globalassets/pdf/rapporter/innehav_2024.pdf
AMF Pension	Avanza	2025-03-06	Swedish Stock	https://www.amf.se/globalassets/pdf/rapporter/innehav_2024.pdf
AMF Pension	Bactiguard Holding	2025-03-06	Swedish Stock	https://www.amf.se/globalassets/pdf/rapporter/innehav_2024.pdf
AMF Pension	Beijer Ref	2025-03-06	Swedish Stock	https://www.amf.se/globalassets/pdf/rapporter/innehav_2024.pdf
AMF Pension	Billerud	2025-03-06	Swedish Stock	https://www.amf.se/globalassets/pdf/rapporter/innehav_2024.pdf
AMF Pension	Boliden	2025-03-06	Swedish Stock	https://www.amf.se/globalassets/pdf/rapporter/innehav_2024.pdf
AMF Pension	Bure	2025-03-06	Swedish Stock	https://www.amf.se/globalassets/pdf/rapporter/innehav_2024.pdf
AMF Pension	Corem Property	2025-03-06	Swedish Stock	https://www.amf.se/globalassets/pdf/rapporter/innehav_2024.pdf
AMF Pension	Ctek	2025-03-06	Swedish Stock	https://www.amf.se/globalassets/pdf/rapporter/innehav_2024.pdf
AMF Pension	Electrolux	2025-03-06	Swedish Stock	https://www.amf.se/globalassets/pdf/rapporter/innehav_2024.pdf
AMF Pension	Elekta	2025-03-06	Swedish Stock	https://www.amf.se/globalassets/pdf/rapporter/innehav_2024.pdf
AMF Pension	Epiroc	2025-03-06	Swedish Stock	https://www.amf.se/globalassets/pdf/rapporter/innehav_2024.pdf
AMF Pension	EQT	2025-03-06	Swedish Stock	https://www.amf.se/globalassets/pdf/rapporter/innehav_2024.pdf
AMF Pension	Ericsson	2025-03-06	Swedish Stock	https://www.amf.se/globalassets/pdf/rapporter/innehav_2024.pdf
AMF Pension	Essity	2025-03-06	Swedish Stock	https://www.amf.se/globalassets/pdf/rapporter/innehav_2024.pdf
AMF Pension	Fastighets AB Balder	2025-03-06	Swedish Stock	https://www.amf.se/globalassets/pdf/rapporter/innehav_2024.pdf
AMF Pension	Fortnox	2025-03-06	Swedish Stock	https://www.amf.se/globalassets/pdf/rapporter/innehav_2024.pdf
AMF Pension	Getinge	2025-03-06	Swedish Stock	https://www.amf.se/globalassets/pdf/rapporter/innehav_2024.pdf
AMF Pension	Hennes & Mauritz	2025-03-06	Swedish Stock	https://www.amf.se/globalassets/pdf/rapporter/innehav_2024.pdf
AMF Pension	Hexagon	2025-03-06	Swedish Stock	https://www.amf.se/globalassets/pdf/rapporter/innehav_2024.pdf
AMF Pension	Hexatronic	2025-03-06	Swedish Stock	https://www.amf.se/globalassets/pdf/rapporter/innehav_2024.pdf
AMF Pension	Hufvudstaden	2025-03-06	Swedish Stock	https://www.amf.se/globalassets/pdf/rapporter/innehav_2024.pdf
AMF Pension	Indutrade	2025-03-06	Swedish Stock	https://www.amf.se/globalassets/pdf/rapporter/innehav_2024.pdf
AMF Pension	Intrum	2025-03-06	Swedish Stock	https://www.amf.se/globalassets/pdf/rapporter/innehav_2024.pdf
AMF Pension	Investor	2025-03-06	Swedish Stock	https://www.amf.se/globalassets/pdf/rapporter/innehav_2024.pdf
AMF Pension	JM	2025-03-06	Swedish Stock	https://www.amf.se/globalassets/pdf/rapporter/innehav_2024.pdf
AMF Pension	Latour Investment	2025-03-06	Swedish Stock	https://www.amf.se/globalassets/pdf/rapporter/innehav_2024.pdf
AMF Pension	Nibe	2025-03-06	Swedish Stock	https://www.amf.se/globalassets/pdf/rapporter/innehav_2024.pdf
AMF Pension	Nordnet	2025-03-06	Swedish Stock	https://www.amf.se/globalassets/pdf/rapporter/innehav_2024.pdf
AMF Pension	Pandox	2025-03-06	Swedish Stock	https://www.amf.se/globalassets/pdf/rapporter/innehav_2024.pdf
AMF Pension	Sandvik	2025-03-06	Swedish Stock	https://www.amf.se/globalassets/pdf/rapporter/innehav_2024.pdf
AMF Pension	SCA	2025-03-06	Swedish Stock	https://www.amf.se/globalassets/pdf/rapporter/innehav_2024.pdf
AMF Pension	Scandic Hotel Group	2025-03-06	Swedish Stock	https://www.amf.se/globalassets/pdf/rapporter/innehav_2024.pdf
AMF Pension	SEB	2025-03-06	Swedish Stock	https://www.amf.se/globalassets/pdf/rapporter/innehav_2024.pdf
AMF Pension	Sinch	2025-03-06	Swedish Stock	https://www.amf.se/globalassets/pdf/rapporter/innehav_2024.pdf
AMF Pension	Skanska	2025-03-06	Swedish Stock	https://www.amf.se/globalassets/pdf/rapporter/innehav_2024.pdf
AMF Pension	Storskogen	2025-03-06	Swedish Stock	https://www.amf.se/globalassets/pdf/rapporter/innehav_2024.pdf
AMF Pension	Swedbank	2025-03-06	Swedish Stock	https://www.amf.se/globalassets/pdf/rapporter/innehav_2024.pdf
AMF Pension	Swedish Orphan Biovitrum	2025-03-06	Swedish Stock	https://www.amf.se/globalassets/pdf/rapporter/innehav_2024.pdf
AMF Pension	Thule Group	2025-03-06	Swedish Stock	https://www.amf.se/globalassets/pdf/rapporter/innehav_2024.pdf
AMF Pension	Traton	2025-03-06	Swedish Stock	https://www.amf.se/globalassets/pdf/rapporter/innehav_2024.pdf
AMF Pension	Vitrolife	2025-03-06	Swedish Stock	https://www.amf.se/globalassets/pdf/rapporter/innehav_2024.pdf
AMF Pension	Volvo	2025-03-06	Swedish Stock	https://www.amf.se/globalassets/pdf/rapporter/innehav_2024.pdf
AMF Pension	Volvo Cars	2025-03-06	Swedish Stock	https://www.amf.se/globalassets/pdf/rapporter/innehav_2024.pdf
AMF Pension	Wallenstam	2025-03-06	Swedish Stock	https://www.amf.se/globalassets/pdf/rapporter/innehav_2024.pdf
AMF Pension	Yubico	2025-03-06	Swedish Stock	https://www.amf.se/globalassets/pdf/rapporter/innehav_2024.pdf
AMF Pension	Anocca	2025-03-06	Private Swedish Stock	https://www.amf.se/globalassets/pdf/rapporter/innehav_2024.pdf
AMF Pension	Anticimex Group	2025-03-06	Private Swedish Stock	https://www.amf.se/globalassets/pdf/rapporter/innehav_2024.pdf
AMF Pension	Blackbird Holdings S.à r.l.	2025-03-06	Private Swedish Stock	https://www.amf.se/globalassets/pdf/rapporter/innehav_2024.pdf
AMF Pension	Braathens Regional Airlines	2025-03-06	Private Swedish Stock	https://www.amf.se/globalassets/pdf/rapporter/innehav_2024.pdf
AMF Pension	Einride	2025-03-06	Private Swedish Stock	https://www.amf.se/globalassets/pdf/rapporter/innehav_2024.pdf
AMF Pension	Epidemic Sound	2025-03-06	Private Swedish Stock	https://www.amf.se/globalassets/pdf/rapporter/innehav_2024.pdf
AMF Pension	Exeger Sweden	2025-03-06	Private Swedish Stock	https://www.amf.se/globalassets/pdf/rapporter/innehav_2024.pdf
AMF Pension	Goldonder Investors	2025-03-06	Private Swedish Stock	https://www.amf.se/globalassets/pdf/rapporter/innehav_2024.pdf
AMF Pension	Instabee	2025-03-06	Private Swedish Stock	https://www.amf.se/globalassets/pdf/rapporter/innehav_2024.pdf
AMF Pension	Leax Group	2025-03-06	Private Swedish Stock	https://www.amf.se/globalassets/pdf/rapporter/innehav_2024.pdf
AMF Pension	Lumera	2025-03-06	Private Swedish Stock	https://www.amf.se/globalassets/pdf/rapporter/innehav_2024.pdf
AMF Pension	Oda	2025-03-06	Private Swedish Stock	https://www.amf.se/globalassets/pdf/rapporter/innehav_2024.pdf
AMF Pension	Northvolt	2025-03-06	Private Swedish Stock	https://www.amf.se/globalassets/pdf/rapporter/innehav_2024.pdf
AMF Pension	Parks and Resorts	2025-03-06	Private Swedish Stock	https://www.amf.se/globalassets/pdf/rapporter/innehav_2024.pdf
AMF Pension	Polarium Energy Solutions	2025-03-06	Private Swedish Stock	https://www.amf.se/globalassets/pdf/rapporter/innehav_2024.pdf
AMF Pension	SmartCella Holding	2025-03-06	Private Swedish Stock	https://www.amf.se/globalassets/pdf/rapporter/innehav_2024.pdf
AMF Pension	Stegra	2025-03-06	Private Swedish Stock	https://www.amf.se/globalassets/pdf/rapporter/innehav_2024.pdf
AMF Pension	EQT Future (No.1) SCSp	2025-03-06	Swedish Stock	https://www.amf.se/globalassets/pdf/rapporter/innehav_2024.pdf
AMF Pension	CSL	2025-03-06	Foreign Stock	https://www.amf.se/globalassets/pdf/rapporter/innehav_2024.pdf
AMF Pension	Goodman Group	2025-03-06	Foreign Stock	https://www.amf.se/globalassets/pdf/rapporter/innehav_2024.pdf
AMF Pension	Anheuser-Busch Inbev	2025-03-06	Foreign Stock	https://www.amf.se/globalassets/pdf/rapporter/innehav_2024.pdf
AMF Pension	Novo Nordisk	2025-03-06	Foreign Stock	https://www.amf.se/globalassets/pdf/rapporter/innehav_2024.pdf
AMF Pension	PLDT	2025-03-06	Foreign Stock	https://www.amf.se/globalassets/pdf/rapporter/innehav_2024.pdf
AMF Pension	UPM-Kymmene	2025-03-06	Foreign Stock	https://www.amf.se/globalassets/pdf/rapporter/innehav_2024.pdf
AMF Pension	L´Oreal	2025-03-06	Foreign Stock	https://www.amf.se/globalassets/pdf/rapporter/innehav_2024.pdf
AMF Pension	TotalEnergies	2025-03-06	Foreign Stock	https://www.amf.se/globalassets/pdf/rapporter/innehav_2024.pdf
AMF Pension	Abu Dhabi Commercial Bank	2025-03-06	Foreign Stock	https://www.amf.se/globalassets/pdf/rapporter/innehav_2024.pdf
AMF Pension	Emirates NBD Bank	2025-03-06	Foreign Stock	https://www.amf.se/globalassets/pdf/rapporter/innehav_2024.pdf
AMF Pension	Emirates Telecommunications Group	2025-03-06	Foreign Stock	https://www.amf.se/globalassets/pdf/rapporter/innehav_2024.pdf
AMF Pension	First Abu Dhabi Bank	2025-03-06	Foreign Stock	https://www.amf.se/globalassets/pdf/rapporter/innehav_2024.pdf
AMF Pension	Ashok Leyland	2025-03-06	Foreign Stock	https://www.amf.se/globalassets/pdf/rapporter/innehav_2024.pdf
AMF Pension	Axis Bank	2025-03-06	Foreign Stock	https://www.amf.se/globalassets/pdf/rapporter/innehav_2024.pdf
AMF Pension	Bharti Airtel	2025-03-06	Foreign Stock	https://www.amf.se/globalassets/pdf/rapporter/innehav_2024.pdf
AMF Pension	Colgate-Palmolive India	2025-03-06	Foreign Stock	https://www.amf.se/globalassets/pdf/rapporter/innehav_2024.pdf
AMF Pension	Dabur India	2025-03-06	Foreign Stock	https://www.amf.se/globalassets/pdf/rapporter/innehav_2024.pdf
AMF Pension	Eicher Motors	2025-03-06	Foreign Stock	https://www.amf.se/globalassets/pdf/rapporter/innehav_2024.pdf
AMF Pension	Hero MotoCorp	2025-03-06	Foreign Stock	https://www.amf.se/globalassets/pdf/rapporter/innehav_2024.pdf
AMF Pension	Mahindra & Mahindra	2025-03-06	Foreign Stock	https://www.amf.se/globalassets/pdf/rapporter/innehav_2024.pdf
AMF Pension	Marico	2025-03-06	Foreign Stock	https://www.amf.se/globalassets/pdf/rapporter/innehav_2024.pdf
AMF Pension	Reliance Industries	2025-03-06	Foreign Stock	https://www.amf.se/globalassets/pdf/rapporter/innehav_2024.pdf
AMF Pension	TVS Motor	2025-03-06	Foreign Stock	https://www.amf.se/globalassets/pdf/rapporter/innehav_2024.pdf
AMF Pension	Bank Rakyat Indonesia	2025-03-06	Foreign Stock	https://www.amf.se/globalassets/pdf/rapporter/innehav_2024.pdf
AMF Pension	Enel	2025-03-06	Foreign Stock	https://www.amf.se/globalassets/pdf/rapporter/innehav_2024.pdf
AMF Pension	Kerry Group	2025-03-06	Foreign Stock	https://www.amf.se/globalassets/pdf/rapporter/innehav_2024.pdf
AMF Pension	East Japan Railway	2025-03-06	Foreign Stock	https://www.amf.se/globalassets/pdf/rapporter/innehav_2024.pdf
AMF Pension	Fast Retailing	2025-03-06	Foreign Stock	https://www.amf.se/globalassets/pdf/rapporter/innehav_2024.pdf
AMF Pension	Komatsu	2025-03-06	Foreign Stock	https://www.amf.se/globalassets/pdf/rapporter/innehav_2024.pdf
AMF Pension	Murata Manufacturing	2025-03-06	Foreign Stock	https://www.amf.se/globalassets/pdf/rapporter/innehav_2024.pdf
AMF Pension	Pan Pacific International Holdings	2025-03-06	Foreign Stock	https://www.amf.se/globalassets/pdf/rapporter/innehav_2024.pdf
AMF Pension	Shin-Etsu Chemical	2025-03-06	Foreign Stock	https://www.amf.se/globalassets/pdf/rapporter/innehav_2024.pdf
AMF Pension	Sony Group	2025-03-06	Foreign Stock	https://www.amf.se/globalassets/pdf/rapporter/innehav_2024.pdf
AMF Pension	Sumitomo Mitsui Financial	2025-03-06	Foreign Stock	https://www.amf.se/globalassets/pdf/rapporter/innehav_2024.pdf
AMF Pension	Bank of Montreal	2025-03-06	Foreign Stock	https://www.amf.se/globalassets/pdf/rapporter/innehav_2024.pdf
AMF Pension	Bank of Nova Scotia	2025-03-06	Foreign Stock	https://www.amf.se/globalassets/pdf/rapporter/innehav_2024.pdf
AMF Pension	Brookfield Renewle	2025-03-06	Foreign Stock	https://www.amf.se/globalassets/pdf/rapporter/innehav_2024.pdf
AMF Pension	CAE	2025-03-06	Foreign Stock	https://www.amf.se/globalassets/pdf/rapporter/innehav_2024.pdf
AMF Pension	Enbridge	2025-03-06	Foreign Stock	https://www.amf.se/globalassets/pdf/rapporter/innehav_2024.pdf
AMF Pension	Keyera	2025-03-06	Foreign Stock	https://www.amf.se/globalassets/pdf/rapporter/innehav_2024.pdf
AMF Pension	National Bank of Canada	2025-03-06	Foreign Stock	https://www.amf.se/globalassets/pdf/rapporter/innehav_2024.pdf
AMF Pension	Teck Resources US	2025-03-06	Foreign Stock	https://www.amf.se/globalassets/pdf/rapporter/innehav_2024.pdf
AMF Pension	Alibaba Group Holding	2025-03-06	Foreign Stock	https://www.amf.se/globalassets/pdf/rapporter/innehav_2024.pdf
AMF Pension	BYD Co-H	2025-03-06	Foreign Stock	https://www.amf.se/globalassets/pdf/rapporter/innehav_2024.pdf
AMF Pension	Ping An Insurance Group-H	2025-03-06	Foreign Stock	https://www.amf.se/globalassets/pdf/rapporter/innehav_2024.pdf
AMF Pension	Sungrow Power Supply Co	2025-03-06	Foreign Stock	https://www.amf.se/globalassets/pdf/rapporter/innehav_2024.pdf
AMF Pension	Tencent Holdings	2025-03-06	Foreign Stock	https://www.amf.se/globalassets/pdf/rapporter/innehav_2024.pdf
AMF Pension	Tongcheng Travel Holdings	2025-03-06	Foreign Stock	https://www.amf.se/globalassets/pdf/rapporter/innehav_2024.pdf
AMF Pension	Axiata Bhd	2025-03-06	Foreign Stock	https://www.amf.se/globalassets/pdf/rapporter/innehav_2024.pdf
AMF Pension	Malayan Banking	2025-03-06	Foreign Stock	https://www.amf.se/globalassets/pdf/rapporter/innehav_2024.pdf
AMF Pension	Grupo Financiero Banorte SAB de CV	2025-03-06	Foreign Stock	https://www.amf.se/globalassets/pdf/rapporter/innehav_2024.pdf
AMF Pension	ASML	2025-03-06	Foreign Stock	https://www.amf.se/globalassets/pdf/rapporter/innehav_2024.pdf
AMF Pension	ING Group	2025-03-06	Foreign Stock	https://www.amf.se/globalassets/pdf/rapporter/innehav_2024.pdf
AMF Pension	AstraZeneca	2025-03-06	Foreign Stock	https://www.amf.se/globalassets/pdf/rapporter/innehav_2024.pdf
AMF Pension	RELX	2025-03-06	Foreign Stock	https://www.amf.se/globalassets/pdf/rapporter/innehav_2024.pdf
AMF Pension	Nedbank	2025-03-06	Foreign Stock	https://www.amf.se/globalassets/pdf/rapporter/innehav_2024.pdf
AMF Pension	KB Financial Group	2025-03-06	Foreign Stock	https://www.amf.se/globalassets/pdf/rapporter/innehav_2024.pdf
AMF Pension	LG Uplus	2025-03-06	Foreign Stock	https://www.amf.se/globalassets/pdf/rapporter/innehav_2024.pdf
AMF Pension	SinoPac Financial Holdings Co	2025-03-06	Foreign Stock	https://www.amf.se/globalassets/pdf/rapporter/innehav_2024.pdf
AMF Pension	Taiwan Semiconductor Manufacturing	2025-03-06	Foreign Stock	https://www.amf.se/globalassets/pdf/rapporter/innehav_2024.pdf
AMF Pension	Intouch Holdings	2025-03-06	Foreign Stock	https://www.amf.se/globalassets/pdf/rapporter/innehav_2024.pdf
AMF Pension	BASF	2025-03-06	Foreign Stock	https://www.amf.se/globalassets/pdf/rapporter/innehav_2024.pdf
AMF Pension	Deutsche Post	2025-03-06	Foreign Stock	https://www.amf.se/globalassets/pdf/rapporter/innehav_2024.pdf
AMF Pension	Siemens	2025-03-06	Foreign Stock	https://www.amf.se/globalassets/pdf/rapporter/innehav_2024.pdf
AMF Pension	Zalando	2025-03-06	Foreign Stock	https://www.amf.se/globalassets/pdf/rapporter/innehav_2024.pdf
AMF Pension	3 M	2025-03-06	Foreign Stock	https://www.amf.se/globalassets/pdf/rapporter/innehav_2024.pdf
AMF Pension	Accenture	2025-03-06	Foreign Stock	https://www.amf.se/globalassets/pdf/rapporter/innehav_2024.pdf
AMF Pension	Adobe Inc	2025-03-06	Foreign Stock	https://www.amf.se/globalassets/pdf/rapporter/innehav_2024.pdf
AMF Pension	Advanced Micro Devices	2025-03-06	Foreign Stock	https://www.amf.se/globalassets/pdf/rapporter/innehav_2024.pdf
AMF Pension	Aecom Technology	2025-03-06	Foreign Stock	https://www.amf.se/globalassets/pdf/rapporter/innehav_2024.pdf
AMF Pension	Aflac	2025-03-06	Foreign Stock	https://www.amf.se/globalassets/pdf/rapporter/innehav_2024.pdf
AMF Pension	Albemarle	2025-03-06	Foreign Stock	https://www.amf.se/globalassets/pdf/rapporter/innehav_2024.pdf
AMF Pension	Align Technology	2025-03-06	Foreign Stock	https://www.amf.se/globalassets/pdf/rapporter/innehav_2024.pdf
AMF Pension	Allstate	2025-03-06	Foreign Stock	https://www.amf.se/globalassets/pdf/rapporter/innehav_2024.pdf
AMF Pension	Ally Financial	2025-03-06	Foreign Stock	https://www.amf.se/globalassets/pdf/rapporter/innehav_2024.pdf
AMF Pension	Alnylam Pharmaceuticals	2025-03-06	Foreign Stock	https://www.amf.se/globalassets/pdf/rapporter/innehav_2024.pdf
AMF Pension	Alphabet A	2025-03-06	Foreign Stock	https://www.amf.se/globalassets/pdf/rapporter/innehav_2024.pdf
AMF Pension	Alphabet C	2025-03-06	Foreign Stock	https://www.amf.se/globalassets/pdf/rapporter/innehav_2024.pdf
AMF Pension	Amazon.com	2025-03-06	Foreign Stock	https://www.amf.se/globalassets/pdf/rapporter/innehav_2024.pdf
AMF Pension	American Express	2025-03-06	Foreign Stock	https://www.amf.se/globalassets/pdf/rapporter/innehav_2024.pdf
AMF Pension	American Tower	2025-03-06	Foreign Stock	https://www.amf.se/globalassets/pdf/rapporter/innehav_2024.pdf
AMF Pension	Amgen	2025-03-06	Foreign Stock	https://www.amf.se/globalassets/pdf/rapporter/innehav_2024.pdf
AMF Pension	Annaly Capital Manement	2025-03-06	Foreign Stock	https://www.amf.se/globalassets/pdf/rapporter/innehav_2024.pdf
AMF Pension	APA	2025-03-06	Foreign Stock	https://www.amf.se/globalassets/pdf/rapporter/innehav_2024.pdf
AMF Pension	Apple	2025-03-06	Foreign Stock	https://www.amf.se/globalassets/pdf/rapporter/innehav_2024.pdf
AMF Pension	Aptiv	2025-03-06	Foreign Stock	https://www.amf.se/globalassets/pdf/rapporter/innehav_2024.pdf
AMF Pension	Arch Capital	2025-03-06	Foreign Stock	https://www.amf.se/globalassets/pdf/rapporter/innehav_2024.pdf
AMF Pension	Assurant	2025-03-06	Foreign Stock	https://www.amf.se/globalassets/pdf/rapporter/innehav_2024.pdf
AMF Pension	AT&T	2025-03-06	Foreign Stock	https://www.amf.se/globalassets/pdf/rapporter/innehav_2024.pdf
AMF Pension	Automatic Data Processing	2025-03-06	Foreign Stock	https://www.amf.se/globalassets/pdf/rapporter/innehav_2024.pdf
AMF Pension	Autozone	2025-03-06	Foreign Stock	https://www.amf.se/globalassets/pdf/rapporter/innehav_2024.pdf
AMF Pension	Axon Enterprise	2025-03-06	Foreign Stock	https://www.amf.se/globalassets/pdf/rapporter/innehav_2024.pdf
AMF Pension	Baker Hughes Co	2025-03-06	Foreign Stock	https://www.amf.se/globalassets/pdf/rapporter/innehav_2024.pdf
AMF Pension	Ball	2025-03-06	Foreign Stock	https://www.amf.se/globalassets/pdf/rapporter/innehav_2024.pdf
AMF Pension	Bank of America	2025-03-06	Foreign Stock	https://www.amf.se/globalassets/pdf/rapporter/innehav_2024.pdf
AMF Pension	Bank of New York Mellon	2025-03-06	Foreign Stock	https://www.amf.se/globalassets/pdf/rapporter/innehav_2024.pdf
AMF Pension	Berkshire Hathaway B	2025-03-06	Foreign Stock	https://www.amf.se/globalassets/pdf/rapporter/innehav_2024.pdf
AMF Pension	Best Buy	2025-03-06	Foreign Stock	https://www.amf.se/globalassets/pdf/rapporter/innehav_2024.pdf
AMF Pension	Biogen	2025-03-06	Foreign Stock	https://www.amf.se/globalassets/pdf/rapporter/innehav_2024.pdf
AMF Pension	BlackRock	2025-03-06	Foreign Stock	https://www.amf.se/globalassets/pdf/rapporter/innehav_2024.pdf
AMF Pension	Booking Holdings	2025-03-06	Foreign Stock	https://www.amf.se/globalassets/pdf/rapporter/innehav_2024.pdf
AMF Pension	Boston Properties	2025-03-06	Foreign Stock	https://www.amf.se/globalassets/pdf/rapporter/innehav_2024.pdf
AMF Pension	Bristol-Myers Squibb	2025-03-06	Foreign Stock	https://www.amf.se/globalassets/pdf/rapporter/innehav_2024.pdf
AMF Pension	Broadcom	2025-03-06	Foreign Stock	https://www.amf.se/globalassets/pdf/rapporter/innehav_2024.pdf
AMF Pension	Bunge	2025-03-06	Foreign Stock	https://www.amf.se/globalassets/pdf/rapporter/innehav_2024.pdf
AMF Pension	Burlington Stores	2025-03-06	Foreign Stock	https://www.amf.se/globalassets/pdf/rapporter/innehav_2024.pdf
AMF Pension	CarMax	2025-03-06	Foreign Stock	https://www.amf.se/globalassets/pdf/rapporter/innehav_2024.pdf
AMF Pension	Carrier Global	2025-03-06	Foreign Stock	https://www.amf.se/globalassets/pdf/rapporter/innehav_2024.pdf
AMF Pension	Caterpillar	2025-03-06	Foreign Stock	https://www.amf.se/globalassets/pdf/rapporter/innehav_2024.pdf
AMF Pension	CBRE Group	2025-03-06	Foreign Stock	https://www.amf.se/globalassets/pdf/rapporter/innehav_2024.pdf
AMF Pension	Cencora	2025-03-06	Foreign Stock	https://www.amf.se/globalassets/pdf/rapporter/innehav_2024.pdf
AMF Pension	Cheniere Energy	2025-03-06	Foreign Stock	https://www.amf.se/globalassets/pdf/rapporter/innehav_2024.pdf
AMF Pension	Chord Energy	2025-03-06	Foreign Stock	https://www.amf.se/globalassets/pdf/rapporter/innehav_2024.pdf
AMF Pension	Cigna Group	2025-03-06	Foreign Stock	https://www.amf.se/globalassets/pdf/rapporter/innehav_2024.pdf
AMF Pension	Citigroup	2025-03-06	Foreign Stock	https://www.amf.se/globalassets/pdf/rapporter/innehav_2024.pdf
AMF Pension	CMS Energy	2025-03-06	Foreign Stock	https://www.amf.se/globalassets/pdf/rapporter/innehav_2024.pdf
AMF Pension	Coinbase Global	2025-03-06	Foreign Stock	https://www.amf.se/globalassets/pdf/rapporter/innehav_2024.pdf
AMF Pension	Colgate-Palmolive	2025-03-06	Foreign Stock	https://www.amf.se/globalassets/pdf/rapporter/innehav_2024.pdf
AMF Pension	Comcast	2025-03-06	Foreign Stock	https://www.amf.se/globalassets/pdf/rapporter/innehav_2024.pdf
AMF Pension	Conagra Foods	2025-03-06	Foreign Stock	https://www.amf.se/globalassets/pdf/rapporter/innehav_2024.pdf
AMF Pension	ConocoPhillips	2025-03-06	Foreign Stock	https://www.amf.se/globalassets/pdf/rapporter/innehav_2024.pdf
AMF Pension	Consolidated Edison	2025-03-06	Foreign Stock	https://www.amf.se/globalassets/pdf/rapporter/innehav_2024.pdf
AMF Pension	Costco Wholesale	2025-03-06	Foreign Stock	https://www.amf.se/globalassets/pdf/rapporter/innehav_2024.pdf
AMF Pension	Coterra Energy	2025-03-06	Foreign Stock	https://www.amf.se/globalassets/pdf/rapporter/innehav_2024.pdf
AMF Pension	Crown Castle	2025-03-06	Foreign Stock	https://www.amf.se/globalassets/pdf/rapporter/innehav_2024.pdf
AMF Pension	CSX	2025-03-06	Foreign Stock	https://www.amf.se/globalassets/pdf/rapporter/innehav_2024.pdf
AMF Pension	Cummins	2025-03-06	Foreign Stock	https://www.amf.se/globalassets/pdf/rapporter/innehav_2024.pdf
AMF Pension	Datadog	2025-03-06	Foreign Stock	https://www.amf.se/globalassets/pdf/rapporter/innehav_2024.pdf
AMF Pension	Deckers Outdoor	2025-03-06	Foreign Stock	https://www.amf.se/globalassets/pdf/rapporter/innehav_2024.pdf
AMF Pension	Deere	2025-03-06	Foreign Stock	https://www.amf.se/globalassets/pdf/rapporter/innehav_2024.pdf
AMF Pension	Delta Air Lines	2025-03-06	Foreign Stock	https://www.amf.se/globalassets/pdf/rapporter/innehav_2024.pdf
AMF Pension	Devon Energy	2025-03-06	Foreign Stock	https://www.amf.se/globalassets/pdf/rapporter/innehav_2024.pdf
AMF Pension	DexCom	2025-03-06	Foreign Stock	https://www.amf.se/globalassets/pdf/rapporter/innehav_2024.pdf
AMF Pension	Diamondback Energy	2025-03-06	Foreign Stock	https://www.amf.se/globalassets/pdf/rapporter/innehav_2024.pdf
AMF Pension	Digital Realty Trust	2025-03-06	Foreign Stock	https://www.amf.se/globalassets/pdf/rapporter/innehav_2024.pdf
AMF Pension	Discover Financial Services	2025-03-06	Foreign Stock	https://www.amf.se/globalassets/pdf/rapporter/innehav_2024.pdf
AMF Pension	Eaton	2025-03-06	Foreign Stock	https://www.amf.se/globalassets/pdf/rapporter/innehav_2024.pdf
AMF Pension	Ebay	2025-03-06	Foreign Stock	https://www.amf.se/globalassets/pdf/rapporter/innehav_2024.pdf
AMF Pension	Ecolab	2025-03-06	Foreign Stock	https://www.amf.se/globalassets/pdf/rapporter/innehav_2024.pdf
AMF Pension	Edison International	2025-03-06	Foreign Stock	https://www.amf.se/globalassets/pdf/rapporter/innehav_2024.pdf
AMF Pension	Edwards Lifesciences	2025-03-06	Foreign Stock	https://www.amf.se/globalassets/pdf/rapporter/innehav_2024.pdf
AMF Pension	Elevance Health	2025-03-06	Foreign Stock	https://www.amf.se/globalassets/pdf/rapporter/innehav_2024.pdf
AMF Pension	Eli Lilly & Company	2025-03-06	Foreign Stock	https://www.amf.se/globalassets/pdf/rapporter/innehav_2024.pdf
AMF Pension	Emerson Electric	2025-03-06	Foreign Stock	https://www.amf.se/globalassets/pdf/rapporter/innehav_2024.pdf
AMF Pension	EQT	2025-03-06	Foreign Stock	https://www.amf.se/globalassets/pdf/rapporter/innehav_2024.pdf
AMF Pension	Essential Utilities	2025-03-06	Foreign Stock	https://www.amf.se/globalassets/pdf/rapporter/innehav_2024.pdf
AMF Pension	Eversource Energy	2025-03-06	Foreign Stock	https://www.amf.se/globalassets/pdf/rapporter/innehav_2024.pdf
AMF Pension	Exact Sciences	2025-03-06	Foreign Stock	https://www.amf.se/globalassets/pdf/rapporter/innehav_2024.pdf
AMF Pension	Exelon	2025-03-06	Foreign Stock	https://www.amf.se/globalassets/pdf/rapporter/innehav_2024.pdf
AMF Pension	Fastenal Co	2025-03-06	Foreign Stock	https://www.amf.se/globalassets/pdf/rapporter/innehav_2024.pdf
AMF Pension	Fidelity National Information Services	2025-03-06	Foreign Stock	https://www.amf.se/globalassets/pdf/rapporter/innehav_2024.pdf
AMF Pension	Fifth Third Bancorp	2025-03-06	Foreign Stock	https://www.amf.se/globalassets/pdf/rapporter/innehav_2024.pdf
AMF Pension	First Citizens BancShares	2025-03-06	Foreign Stock	https://www.amf.se/globalassets/pdf/rapporter/innehav_2024.pdf
AMF Pension	Fox	2025-03-06	Foreign Stock	https://www.amf.se/globalassets/pdf/rapporter/innehav_2024.pdf
AMF Pension	Franklin Resources	2025-03-06	Foreign Stock	https://www.amf.se/globalassets/pdf/rapporter/innehav_2024.pdf
AMF Pension	General Electric	2025-03-06	Foreign Stock	https://www.amf.se/globalassets/pdf/rapporter/innehav_2024.pdf
AMF Pension	General Mills	2025-03-06	Foreign Stock	https://www.amf.se/globalassets/pdf/rapporter/innehav_2024.pdf
AMF Pension	Gilead Sciences	2025-03-06	Foreign Stock	https://www.amf.se/globalassets/pdf/rapporter/innehav_2024.pdf
AMF Pension	Goldman Sachs	2025-03-06	Foreign Stock	https://www.amf.se/globalassets/pdf/rapporter/innehav_2024.pdf
AMF Pension	Halliburton	2025-03-06	Foreign Stock	https://www.amf.se/globalassets/pdf/rapporter/innehav_2024.pdf
AMF Pension	Hartford Financial Service Group	2025-03-06	Foreign Stock	https://www.amf.se/globalassets/pdf/rapporter/innehav_2024.pdf
AMF Pension	HCA Holding	2025-03-06	Foreign Stock	https://www.amf.se/globalassets/pdf/rapporter/innehav_2024.pdf
AMF Pension	Healthpeak Properties	2025-03-06	Foreign Stock	https://www.amf.se/globalassets/pdf/rapporter/innehav_2024.pdf
AMF Pension	HF Sinclair Corp	2025-03-06	Foreign Stock	https://www.amf.se/globalassets/pdf/rapporter/innehav_2024.pdf
AMF Pension	Hilton Worldwide Holding	2025-03-06	Foreign Stock	https://www.amf.se/globalassets/pdf/rapporter/innehav_2024.pdf
AMF Pension	Home Depot	2025-03-06	Foreign Stock	https://www.amf.se/globalassets/pdf/rapporter/innehav_2024.pdf
AMF Pension	Hormel Foods	2025-03-06	Foreign Stock	https://www.amf.se/globalassets/pdf/rapporter/innehav_2024.pdf
AMF Pension	HubSpot	2025-03-06	Foreign Stock	https://www.amf.se/globalassets/pdf/rapporter/innehav_2024.pdf
AMF Pension	Illinois Tool Works	2025-03-06	Foreign Stock	https://www.amf.se/globalassets/pdf/rapporter/innehav_2024.pdf
AMF Pension	Intercontinetal Exchange	2025-03-06	Foreign Stock	https://www.amf.se/globalassets/pdf/rapporter/innehav_2024.pdf
AMF Pension	IBM	2025-03-06	Foreign Stock	https://www.amf.se/globalassets/pdf/rapporter/innehav_2024.pdf
AMF Pension	International Flavors & Fragrances	2025-03-06	Foreign Stock	https://www.amf.se/globalassets/pdf/rapporter/innehav_2024.pdf
AMF Pension	Intuit	2025-03-06	Foreign Stock	https://www.amf.se/globalassets/pdf/rapporter/innehav_2024.pdf
AMF Pension	IQVIA Holdings	2025-03-06	Foreign Stock	https://www.amf.se/globalassets/pdf/rapporter/innehav_2024.pdf
AMF Pension	JM Smucker Company	2025-03-06	Foreign Stock	https://www.amf.se/globalassets/pdf/rapporter/innehav_2024.pdf
AMF Pension	JNJ Nontradeable Contingent Value Right	2025-03-06	Foreign Stock	https://www.amf.se/globalassets/pdf/rapporter/innehav_2024.pdf
AMF Pension	Johnson & Johnson	2025-03-06	Foreign Stock	https://www.amf.se/globalassets/pdf/rapporter/innehav_2024.pdf
AMF Pension	Johnson Controls	2025-03-06	Foreign Stock	https://www.amf.se/globalassets/pdf/rapporter/innehav_2024.pdf
AMF Pension	JP Morgan Chase	2025-03-06	Foreign Stock	https://www.amf.se/globalassets/pdf/rapporter/innehav_2024.pdf
AMF Pension	Kellogg	2025-03-06	Foreign Stock	https://www.amf.se/globalassets/pdf/rapporter/innehav_2024.pdf
AMF Pension	KeyCorp	2025-03-06	Foreign Stock	https://www.amf.se/globalassets/pdf/rapporter/innehav_2024.pdf
AMF Pension	Kroger	2025-03-06	Foreign Stock	https://www.amf.se/globalassets/pdf/rapporter/innehav_2024.pdf
AMF Pension	Laboratory Corporation of America Holdings	2025-03-06	Foreign Stock	https://www.amf.se/globalassets/pdf/rapporter/innehav_2024.pdf
AMF Pension	Linde	2025-03-06	Foreign Stock	https://www.amf.se/globalassets/pdf/rapporter/innehav_2024.pdf
AMF Pension	Lowe's	2025-03-06	Foreign Stock	https://www.amf.se/globalassets/pdf/rapporter/innehav_2024.pdf
AMF Pension	Lululemon Athletica	2025-03-06	Foreign Stock	https://www.amf.se/globalassets/pdf/rapporter/innehav_2024.pdf
AMF Pension	Marathon Petrolium	2025-03-06	Foreign Stock	https://www.amf.se/globalassets/pdf/rapporter/innehav_2024.pdf
AMF Pension	Marsh & McLennan	2025-03-06	Foreign Stock	https://www.amf.se/globalassets/pdf/rapporter/innehav_2024.pdf
AMF Pension	Marvel Technology Group	2025-03-06	Foreign Stock	https://www.amf.se/globalassets/pdf/rapporter/innehav_2024.pdf
AMF Pension	McCormick & Company	2025-03-06	Foreign Stock	https://www.amf.se/globalassets/pdf/rapporter/innehav_2024.pdf
AMF Pension	McDonald's	2025-03-06	Foreign Stock	https://www.amf.se/globalassets/pdf/rapporter/innehav_2024.pdf
AMF Pension	MercadoLibre	2025-03-06	Foreign Stock	https://www.amf.se/globalassets/pdf/rapporter/innehav_2024.pdf
AMF Pension	Merck & Co	2025-03-06	Foreign Stock	https://www.amf.se/globalassets/pdf/rapporter/innehav_2024.pdf
AMF Pension	Meta A	2025-03-06	Foreign Stock	https://www.amf.se/globalassets/pdf/rapporter/innehav_2024.pdf
AMF Pension	Microsoft	2025-03-06	Foreign Stock	https://www.amf.se/globalassets/pdf/rapporter/innehav_2024.pdf
AMF Pension	MicroStrategy	2025-03-06	Foreign Stock	https://www.amf.se/globalassets/pdf/rapporter/innehav_2024.pdf
AMF Pension	Moderna	2025-03-06	Foreign Stock	https://www.amf.se/globalassets/pdf/rapporter/innehav_2024.pdf
AMF Pension	Monster Bevere	2025-03-06	Foreign Stock	https://www.amf.se/globalassets/pdf/rapporter/innehav_2024.pdf
AMF Pension	Moody's	2025-03-06	Foreign Stock	https://www.amf.se/globalassets/pdf/rapporter/innehav_2024.pdf
AMF Pension	Morgan Stanley	2025-03-06	Foreign Stock	https://www.amf.se/globalassets/pdf/rapporter/innehav_2024.pdf
AMF Pension	Netflix	2025-03-06	Foreign Stock	https://www.amf.se/globalassets/pdf/rapporter/innehav_2024.pdf
AMF Pension	Newmont Corp	2025-03-06	Foreign Stock	https://www.amf.se/globalassets/pdf/rapporter/innehav_2024.pdf
AMF Pension	Nike	2025-03-06	Foreign Stock	https://www.amf.se/globalassets/pdf/rapporter/innehav_2024.pdf
AMF Pension	Norfolk Southern	2025-03-06	Foreign Stock	https://www.amf.se/globalassets/pdf/rapporter/innehav_2024.pdf
AMF Pension	NRG Energy	2025-03-06	Foreign Stock	https://www.amf.se/globalassets/pdf/rapporter/innehav_2024.pdf
AMF Pension	Nucor	2025-03-06	Foreign Stock	https://www.amf.se/globalassets/pdf/rapporter/innehav_2024.pdf
AMF Pension	Nvidia	2025-03-06	Foreign Stock	https://www.amf.se/globalassets/pdf/rapporter/innehav_2024.pdf
AMF Pension	Occidental Petroleum	2025-03-06	Foreign Stock	https://www.amf.se/globalassets/pdf/rapporter/innehav_2024.pdf
AMF Pension	Old Dominion Freight Line	2025-03-06	Foreign Stock	https://www.amf.se/globalassets/pdf/rapporter/innehav_2024.pdf
AMF Pension	ONEOK	2025-03-06	Foreign Stock	https://www.amf.se/globalassets/pdf/rapporter/innehav_2024.pdf
AMF Pension	Paramount	2025-03-06	Foreign Stock	https://www.amf.se/globalassets/pdf/rapporter/innehav_2024.pdf
AMF Pension	Parker Hannifin Corp	2025-03-06	Foreign Stock	https://www.amf.se/globalassets/pdf/rapporter/innehav_2024.pdf
AMF Pension	Philips 66	2025-03-06	Foreign Stock	https://www.amf.se/globalassets/pdf/rapporter/innehav_2024.pdf
AMF Pension	Polestar Automotive	2025-03-06	Foreign Stock	https://www.amf.se/globalassets/pdf/rapporter/innehav_2024.pdf
AMF Pension	PNC Financial Services Group	2025-03-06	Foreign Stock	https://www.amf.se/globalassets/pdf/rapporter/innehav_2024.pdf
AMF Pension	PPG Industries	2025-03-06	Foreign Stock	https://www.amf.se/globalassets/pdf/rapporter/innehav_2024.pdf
AMF Pension	Principal Financial	2025-03-06	Foreign Stock	https://www.amf.se/globalassets/pdf/rapporter/innehav_2024.pdf
AMF Pension	Procter & Gamble	2025-03-06	Foreign Stock	https://www.amf.se/globalassets/pdf/rapporter/innehav_2024.pdf
AMF Pension	Progressive	2025-03-06	Foreign Stock	https://www.amf.se/globalassets/pdf/rapporter/innehav_2024.pdf
AMF Pension	Prologis	2025-03-06	Foreign Stock	https://www.amf.se/globalassets/pdf/rapporter/innehav_2024.pdf
AMF Pension	Prudential Financial	2025-03-06	Foreign Stock	https://www.amf.se/globalassets/pdf/rapporter/innehav_2024.pdf
AMF Pension	Quanta Services	2025-03-06	Foreign Stock	https://www.amf.se/globalassets/pdf/rapporter/innehav_2024.pdf
AMF Pension	Quest Diagnostics	2025-03-06	Foreign Stock	https://www.amf.se/globalassets/pdf/rapporter/innehav_2024.pdf
AMF Pension	Rivian Automotive	2025-03-06	Foreign Stock	https://www.amf.se/globalassets/pdf/rapporter/innehav_2024.pdf
AMF Pension	Rockwell Automation	2025-03-06	Foreign Stock	https://www.amf.se/globalassets/pdf/rapporter/innehav_2024.pdf
AMF Pension	Salesforce	2025-03-06	Foreign Stock	https://www.amf.se/globalassets/pdf/rapporter/innehav_2024.pdf
AMF Pension	SBA Communications	2025-03-06	Foreign Stock	https://www.amf.se/globalassets/pdf/rapporter/innehav_2024.pdf
AMF Pension	Schlumberger	2025-03-06	Foreign Stock	https://www.amf.se/globalassets/pdf/rapporter/innehav_2024.pdf
AMF Pension	Schwab	2025-03-06	Foreign Stock	https://www.amf.se/globalassets/pdf/rapporter/innehav_2024.pdf
AMF Pension	Sempra Energy	2025-03-06	Foreign Stock	https://www.amf.se/globalassets/pdf/rapporter/innehav_2024.pdf
AMF Pension	ServiceNow	2025-03-06	Foreign Stock	https://www.amf.se/globalassets/pdf/rapporter/innehav_2024.pdf
AMF Pension	Sherwin-Williams	2025-03-06	Foreign Stock	https://www.amf.se/globalassets/pdf/rapporter/innehav_2024.pdf
AMF Pension	Shopify	2025-03-06	Foreign Stock	https://www.amf.se/globalassets/pdf/rapporter/innehav_2024.pdf
AMF Pension	Snowflake	2025-03-06	Foreign Stock	https://www.amf.se/globalassets/pdf/rapporter/innehav_2024.pdf
AMF Pension	Spotify	2025-03-06	Foreign Stock	https://www.amf.se/globalassets/pdf/rapporter/innehav_2024.pdf
AMF Pension	Standard & Poor Global Inc	2025-03-06	Foreign Stock	https://www.amf.se/globalassets/pdf/rapporter/innehav_2024.pdf
AMF Pension	Synchrony Financial	2025-03-06	Foreign Stock	https://www.amf.se/globalassets/pdf/rapporter/innehav_2024.pdf
AMF Pension	Synopsys	2025-03-06	Foreign Stock	https://www.amf.se/globalassets/pdf/rapporter/innehav_2024.pdf
AMF Pension	Targa Resources	2025-03-06	Foreign Stock	https://www.amf.se/globalassets/pdf/rapporter/innehav_2024.pdf
AMF Pension	Target	2025-03-06	Foreign Stock	https://www.amf.se/globalassets/pdf/rapporter/innehav_2024.pdf
AMF Pension	Tesla	2025-03-06	Foreign Stock	https://www.amf.se/globalassets/pdf/rapporter/innehav_2024.pdf
AMF Pension	Texas Pacific Land	2025-03-06	Foreign Stock	https://www.amf.se/globalassets/pdf/rapporter/innehav_2024.pdf
AMF Pension	The Campbell's Company	2025-03-06	Foreign Stock	https://www.amf.se/globalassets/pdf/rapporter/innehav_2024.pdf
AMF Pension	TJX Companies	2025-03-06	Foreign Stock	https://www.amf.se/globalassets/pdf/rapporter/innehav_2024.pdf
AMF Pension	Tractor Supply	2025-03-06	Foreign Stock	https://www.amf.se/globalassets/pdf/rapporter/innehav_2024.pdf
AMF Pension	Trane Technologies	2025-03-06	Foreign Stock	https://www.amf.se/globalassets/pdf/rapporter/innehav_2024.pdf
AMF Pension	Travelers Cos	2025-03-06	Foreign Stock	https://www.amf.se/globalassets/pdf/rapporter/innehav_2024.pdf
AMF Pension	Ulta Beaty	2025-03-06	Foreign Stock	https://www.amf.se/globalassets/pdf/rapporter/innehav_2024.pdf
AMF Pension	Union Pacific	2025-03-06	Foreign Stock	https://www.amf.se/globalassets/pdf/rapporter/innehav_2024.pdf
AMF Pension	United Parcel Service	2025-03-06	Foreign Stock	https://www.amf.se/globalassets/pdf/rapporter/innehav_2024.pdf
AMF Pension	United Rentals	2025-03-06	Foreign Stock	https://www.amf.se/globalassets/pdf/rapporter/innehav_2024.pdf
AMF Pension	UnitedHealth	2025-03-06	Foreign Stock	https://www.amf.se/globalassets/pdf/rapporter/innehav_2024.pdf
AMF Pension	US Bancorp	2025-03-06	Foreign Stock	https://www.amf.se/globalassets/pdf/rapporter/innehav_2024.pdf
AMF Pension	Valero Energy	2025-03-06	Foreign Stock	https://www.amf.se/globalassets/pdf/rapporter/innehav_2024.pdf
AMF Pension	Verizon Communication	2025-03-06	Foreign Stock	https://www.amf.se/globalassets/pdf/rapporter/innehav_2024.pdf
AMF Pension	Vertex Pharmaceuticals	2025-03-06	Foreign Stock	https://www.amf.se/globalassets/pdf/rapporter/innehav_2024.pdf
AMF Pension	Visa	2025-03-06	Foreign Stock	https://www.amf.se/globalassets/pdf/rapporter/innehav_2024.pdf
AMF Pension	W.W. Grainger	2025-03-06	Foreign Stock	https://www.amf.se/globalassets/pdf/rapporter/innehav_2024.pdf
AMF Pension	Walgreens Boots Alliance	2025-03-06	Foreign Stock	https://www.amf.se/globalassets/pdf/rapporter/innehav_2024.pdf
AMF Pension	Walt Disney	2025-03-06	Foreign Stock	https://www.amf.se/globalassets/pdf/rapporter/innehav_2024.pdf
AMF Pension	Waste Management	2025-03-06	Foreign Stock	https://www.amf.se/globalassets/pdf/rapporter/innehav_2024.pdf
AMF Pension	Welltower	2025-03-06	Foreign Stock	https://www.amf.se/globalassets/pdf/rapporter/innehav_2024.pdf
AMF Pension	Western Digital	2025-03-06	Foreign Stock	https://www.amf.se/globalassets/pdf/rapporter/innehav_2024.pdf
AMF Pension	Willis Towers Watson	2025-03-06	Foreign Stock	https://www.amf.se/globalassets/pdf/rapporter/innehav_2024.pdf
AMF Pension	Xylem	2025-03-06	Foreign Stock	https://www.amf.se/globalassets/pdf/rapporter/innehav_2024.pdf
AMF Pension	Yum Brands	2025-03-06	Foreign Stock	https://www.amf.se/globalassets/pdf/rapporter/innehav_2024.pdf
AMF Pension	Zoetis	2025-03-06	Foreign Stock	https://www.amf.se/globalassets/pdf/rapporter/innehav_2024.pdf
AMF Pension	A.P. Moller – Maersk	2025-03-06	Foreign Stock	https://www.amf.se/globalassets/pdf/rapporter/innehav_2024.pdf
AMF Pension	AB Sveriges Sakerstallda Obligationer	2025-03-06	Foreign Stock	https://www.amf.se/globalassets/pdf/rapporter/innehav_2024.pdf
AMF Pension	Adobe	2025-03-06	Foreign Stock	https://www.amf.se/globalassets/pdf/rapporter/innehav_2024.pdf
AMF Pension	Alfa Laval	2025-03-06	Foreign Stock	https://www.amf.se/globalassets/pdf/rapporter/innehav_2024.pdf
AMF Pension	American Express	2025-03-06	Foreign Stock	https://www.amf.se/globalassets/pdf/rapporter/innehav_2024.pdf
AMF Pension	American Tower Corp	2025-03-06	Foreign Stock	https://www.amf.se/globalassets/pdf/rapporter/innehav_2024.pdf
AMF Pension	Analog Devices	2025-03-06	Foreign Stock	https://www.amf.se/globalassets/pdf/rapporter/innehav_2024.pdf
AMF Pension	Anheuser-Busch InBev	2025-03-06	Foreign Stock	https://www.amf.se/globalassets/pdf/rapporter/innehav_2024.pdf
AMF Pension	AstraZeneca	2025-03-06	Foreign Stock	https://www.amf.se/globalassets/pdf/rapporter/innehav_2024.pdf
AMF Pension	AT&T	2025-03-06	Foreign Stock	https://www.amf.se/globalassets/pdf/rapporter/innehav_2024.pdf
AMF Pension	Atrium Ljungberg	2025-03-06	Foreign Stock	https://www.amf.se/globalassets/pdf/rapporter/innehav_2024.pdf
AMF Pension	Balder	2025-03-06	Foreign Stock	https://www.amf.se/globalassets/pdf/rapporter/innehav_2024.pdf
AMF Pension	Bank of America Corp	2025-03-06	Foreign Stock	https://www.amf.se/globalassets/pdf/rapporter/innehav_2024.pdf
AMF Pension	Bank of New York	2025-03-06	Foreign Stock	https://www.amf.se/globalassets/pdf/rapporter/innehav_2024.pdf
AMF Pension	Baxter International	2025-03-06	Foreign Stock	https://www.amf.se/globalassets/pdf/rapporter/innehav_2024.pdf
AMF Pension	Berlin Hyp	2025-03-06	Foreign Stock	https://www.amf.se/globalassets/pdf/rapporter/innehav_2024.pdf
AMF Pension	Best Buy	2025-03-06	Foreign Stock	https://www.amf.se/globalassets/pdf/rapporter/innehav_2024.pdf
AMF Pension	Billerud	2025-03-06	Foreign Stock	https://www.amf.se/globalassets/pdf/rapporter/innehav_2024.pdf
AMF Pension	BlackRock	2025-03-06	Foreign Stock	https://www.amf.se/globalassets/pdf/rapporter/innehav_2024.pdf
AMF Pension	Boliden	2025-03-06	Foreign Stock	https://www.amf.se/globalassets/pdf/rapporter/innehav_2024.pdf
AMF Pension	British Telecommunications	2025-03-06	Foreign Stock	https://www.amf.se/globalassets/pdf/rapporter/innehav_2024.pdf
AMF Pension	Castellum	2025-03-06	Foreign Stock	https://www.amf.se/globalassets/pdf/rapporter/innehav_2024.pdf
AMF Pension	Catena	2025-03-06	Foreign Stock	https://www.amf.se/globalassets/pdf/rapporter/innehav_2024.pdf
AMF Pension	Citigroup	2025-03-06	Foreign Stock	https://www.amf.se/globalassets/pdf/rapporter/innehav_2024.pdf
AMF Pension	Consolidated Edison Co of New York	2025-03-06	Foreign Stock	https://www.amf.se/globalassets/pdf/rapporter/innehav_2024.pdf
AMF Pension	Danske Bank	2025-03-06	Foreign Stock	https://www.amf.se/globalassets/pdf/rapporter/innehav_2024.pdf
AMF Pension	Deutsche Telekom International Finance	2025-03-06	Foreign Stock	https://www.amf.se/globalassets/pdf/rapporter/innehav_2024.pdf
AMF Pension	Diageo Capital	2025-03-06	Foreign Stock	https://www.amf.se/globalassets/pdf/rapporter/innehav_2024.pdf
AMF Pension	DNB Bank	2025-03-06	Foreign Stock	https://www.amf.se/globalassets/pdf/rapporter/innehav_2024.pdf
AMF Pension	DSV Panalpina	2025-03-06	Foreign Stock	https://www.amf.se/globalassets/pdf/rapporter/innehav_2024.pdf
AMF Pension	eBay	2025-03-06	Foreign Stock	https://www.amf.se/globalassets/pdf/rapporter/innehav_2024.pdf
AMF Pension	Ellevio	2025-03-06	Foreign Stock	https://www.amf.se/globalassets/pdf/rapporter/innehav_2024.pdf
AMF Pension	Epiroc	2025-03-06	Foreign Stock	https://www.amf.se/globalassets/pdf/rapporter/innehav_2024.pdf
AMF Pension	Ericsson	2025-03-06	Foreign Stock	https://www.amf.se/globalassets/pdf/rapporter/innehav_2024.pdf
AMF Pension	Essity	2025-03-06	Foreign Stock	https://www.amf.se/globalassets/pdf/rapporter/innehav_2024.pdf
AMF Pension	Euroclear Bank	2025-03-06	Foreign Stock	https://www.amf.se/globalassets/pdf/rapporter/innehav_2024.pdf
AMF Pension	Fabege	2025-03-06	Foreign Stock	https://www.amf.se/globalassets/pdf/rapporter/innehav_2024.pdf
AMF Pension	Fastpartner	2025-03-06	Foreign Stock	https://www.amf.se/globalassets/pdf/rapporter/innehav_2024.pdf
AMF Pension	Fiserv	2025-03-06	Foreign Stock	https://www.amf.se/globalassets/pdf/rapporter/innehav_2024.pdf
AMF Pension	GlaxoSmithKline Capital	2025-03-06	Foreign Stock	https://www.amf.se/globalassets/pdf/rapporter/innehav_2024.pdf
AMF Pension	H Lundbeck	2025-03-06	Foreign Stock	https://www.amf.se/globalassets/pdf/rapporter/innehav_2024.pdf
AMF Pension	Heimstaden	2025-03-06	Foreign Stock	https://www.amf.se/globalassets/pdf/rapporter/innehav_2024.pdf
AMF Pension	Hemsö Fastighets	2025-03-06	Foreign Stock	https://www.amf.se/globalassets/pdf/rapporter/innehav_2024.pdf
AMF Pension	Hexagon	2025-03-06	Foreign Stock	https://www.amf.se/globalassets/pdf/rapporter/innehav_2024.pdf
AMF Pension	Holmen	2025-03-06	Foreign Stock	https://www.amf.se/globalassets/pdf/rapporter/innehav_2024.pdf
AMF Pension	Humlegården Fastigheter	2025-03-06	Foreign Stock	https://www.amf.se/globalassets/pdf/rapporter/innehav_2024.pdf
AMF Pension	Industrivarden	2025-03-06	Foreign Stock	https://www.amf.se/globalassets/pdf/rapporter/innehav_2024.pdf
AMF Pension	John Deere Capital Corporation	2025-03-06	Foreign Stock	https://www.amf.se/globalassets/pdf/rapporter/innehav_2024.pdf
AMF Pension	Johnson Controls International	2025-03-06	Foreign Stock	https://www.amf.se/globalassets/pdf/rapporter/innehav_2024.pdf
AMF Pension	JP Morgan Chase & Co	2025-03-06	Foreign Stock	https://www.amf.se/globalassets/pdf/rapporter/innehav_2024.pdf
AMF Pension	Jyske Bank	2025-03-06	Foreign Stock	https://www.amf.se/globalassets/pdf/rapporter/innehav_2024.pdf
AMF Pension	Kellanova	2025-03-06	Foreign Stock	https://www.amf.se/globalassets/pdf/rapporter/innehav_2024.pdf
AMF Pension	Kojamo	2025-03-06	Foreign Stock	https://www.amf.se/globalassets/pdf/rapporter/innehav_2024.pdf
AMF Pension	Kungsleden	2025-03-06	Foreign Stock	https://www.amf.se/globalassets/pdf/rapporter/innehav_2024.pdf
AMF Pension	Laboratory Corporation of America Holdings	2025-03-06	Foreign Stock	https://www.amf.se/globalassets/pdf/rapporter/innehav_2024.pdf
AMF Pension	Landesbank Baden-Wuerttemberg	2025-03-06	Foreign Stock	https://www.amf.se/globalassets/pdf/rapporter/innehav_2024.pdf
AMF Pension	Landshypotek Bank	2025-03-06	Foreign Stock	https://www.amf.se/globalassets/pdf/rapporter/innehav_2024.pdf
AMF Pension	Lantmannen	2025-03-06	Foreign Stock	https://www.amf.se/globalassets/pdf/rapporter/innehav_2024.pdf
AMF Pension	Latour	2025-03-06	Foreign Stock	https://www.amf.se/globalassets/pdf/rapporter/innehav_2024.pdf
AMF Pension	Lendlease Finance	2025-03-06	Foreign Stock	https://www.amf.se/globalassets/pdf/rapporter/innehav_2024.pdf
AMF Pension	Linköpings Kommun	2025-03-06	Foreign Stock	https://www.amf.se/globalassets/pdf/rapporter/innehav_2024.pdf
AMF Pension	Loomis	2025-03-06	Foreign Stock	https://www.amf.se/globalassets/pdf/rapporter/innehav_2024.pdf
AMF Pension	Lowe’s Co	2025-03-06	Foreign Stock	https://www.amf.se/globalassets/pdf/rapporter/innehav_2024.pdf
AMF Pension	Lsega Financing	2025-03-06	Foreign Stock	https://www.amf.se/globalassets/pdf/rapporter/innehav_2024.pdf
AMF Pension	LKAB	2025-03-06	Foreign Stock	https://www.amf.se/globalassets/pdf/rapporter/innehav_2024.pdf
AMF Pension	Länsförsäkringar Bank	2025-03-06	Foreign Stock	https://www.amf.se/globalassets/pdf/rapporter/innehav_2024.pdf
AMF Pension	Länsförsäkringar Hypotek	2025-03-06	Foreign Stock	https://www.amf.se/globalassets/pdf/rapporter/innehav_2024.pdf
AMF Pension	Mondi Finance Europe GmbH	2025-03-06	Foreign Stock	https://www.amf.se/globalassets/pdf/rapporter/innehav_2024.pdf
AMF Pension	Mölnlycke Holding	2025-03-06	Foreign Stock	https://www.amf.se/globalassets/pdf/rapporter/innehav_2024.pdf
AMF Pension	Nasdaq	2025-03-06	Foreign Stock	https://www.amf.se/globalassets/pdf/rapporter/innehav_2024.pdf
AMF Pension	Natwest	2025-03-06	Foreign Stock	https://www.amf.se/globalassets/pdf/rapporter/innehav_2024.pdf
AMF Pension	Naver Corp	2025-03-06	Foreign Stock	https://www.amf.se/globalassets/pdf/rapporter/innehav_2024.pdf
AMF Pension	NCC	2025-03-06	Foreign Stock	https://www.amf.se/globalassets/pdf/rapporter/innehav_2024.pdf
AMF Pension	Nordea Bank	2025-03-06	Foreign Stock	https://www.amf.se/globalassets/pdf/rapporter/innehav_2024.pdf
AMF Pension	Nordea Hypotek	2025-03-06	Foreign Stock	https://www.amf.se/globalassets/pdf/rapporter/innehav_2024.pdf
AMF Pension	Norrköpings kommun	2025-03-06	Foreign Stock	https://www.amf.se/globalassets/pdf/rapporter/innehav_2024.pdf
AMF Pension	NXP	2025-03-06	Foreign Stock	https://www.amf.se/globalassets/pdf/rapporter/innehav_2024.pdf
AMF Pension	Optus Finance Pty	2025-03-06	Foreign Stock	https://www.amf.se/globalassets/pdf/rapporter/innehav_2024.pdf
AMF Pension	Orange	2025-03-06	Foreign Stock	https://www.amf.se/globalassets/pdf/rapporter/innehav_2024.pdf
AMF Pension	Packaging Corporation of America	2025-03-06	Foreign Stock	https://www.amf.se/globalassets/pdf/rapporter/innehav_2024.pdf
AMF Pension	PayPal Holdings	2025-03-06	Foreign Stock	https://www.amf.se/globalassets/pdf/rapporter/innehav_2024.pdf
AMF Pension	PNC Financial Services Group	2025-03-06	Foreign Stock	https://www.amf.se/globalassets/pdf/rapporter/innehav_2024.pdf
AMF Pension	Prologis	2025-03-06	Foreign Stock	https://www.amf.se/globalassets/pdf/rapporter/innehav_2024.pdf
AMF Pension	Qantas Airways	2025-03-06	Foreign Stock	https://www.amf.se/globalassets/pdf/rapporter/innehav_2024.pdf
AMF Pension	Realty Income Corp	2025-03-06	Foreign Stock	https://www.amf.se/globalassets/pdf/rapporter/innehav_2024.pdf
AMF Pension	RELX	2025-03-06	Foreign Stock	https://www.amf.se/globalassets/pdf/rapporter/innehav_2024.pdf
AMF Pension	Rentokil Initial	2025-03-06	Foreign Stock	https://www.amf.se/globalassets/pdf/rapporter/innehav_2024.pdf
AMF Pension	Royal Bank of Canada	2025-03-06	Foreign Stock	https://www.amf.se/globalassets/pdf/rapporter/innehav_2024.pdf
AMF Pension	S&P Global	2025-03-06	Foreign Stock	https://www.amf.se/globalassets/pdf/rapporter/innehav_2024.pdf
AMF Pension	Sagax	2025-03-06	Foreign Stock	https://www.amf.se/globalassets/pdf/rapporter/innehav_2024.pdf
AMF Pension	Sagax	2025-03-06	Foreign Stock	https://www.amf.se/globalassets/pdf/rapporter/innehav_2024.pdf
AMF Pension	SATO	2025-03-06	Foreign Stock	https://www.amf.se/globalassets/pdf/rapporter/innehav_2024.pdf
AMF Pension	SBAB Bank	2025-03-06	Foreign Stock	https://www.amf.se/globalassets/pdf/rapporter/innehav_2024.pdf
AMF Pension	Scania	2025-03-06	Foreign Stock	https://www.amf.se/globalassets/pdf/rapporter/innehav_2024.pdf
AMF Pension	Securitas	2025-03-06	Foreign Stock	https://www.amf.se/globalassets/pdf/rapporter/innehav_2024.pdf
AMF Pension	Servicenow	2025-03-06	Foreign Stock	https://www.amf.se/globalassets/pdf/rapporter/innehav_2024.pdf
AMF Pension	Siemens Financieringsmaatschappij	2025-03-06	Foreign Stock	https://www.amf.se/globalassets/pdf/rapporter/innehav_2024.pdf
AMF Pension	Skandinaviska Enskilda Banken	2025-03-06	Foreign Stock	https://www.amf.se/globalassets/pdf/rapporter/innehav_2024.pdf
AMF Pension	SKF	2025-03-06	Foreign Stock	https://www.amf.se/globalassets/pdf/rapporter/innehav_2024.pdf
AMF Pension	Sodexo	2025-03-06	Foreign Stock	https://www.amf.se/globalassets/pdf/rapporter/innehav_2024.pdf
AMF Pension	Stadshypotek	2025-03-06	Foreign Stock	https://www.amf.se/globalassets/pdf/rapporter/innehav_2024.pdf
AMF Pension	Stellantis Finance	2025-03-06	Foreign Stock	https://www.amf.se/globalassets/pdf/rapporter/innehav_2024.pdf
AMF Pension	Stockholm Exergi Holding	2025-03-06	Foreign Stock	https://www.amf.se/globalassets/pdf/rapporter/innehav_2024.pdf
AMF Pension	Stora Enso	2025-03-06	Foreign Stock	https://www.amf.se/globalassets/pdf/rapporter/innehav_2024.pdf
AMF Pension	Storskogen Group	2025-03-06	Foreign Stock	https://www.amf.se/globalassets/pdf/rapporter/innehav_2024.pdf
AMF Pension	Sveaskog	2025-03-06	Foreign Stock	https://www.amf.se/globalassets/pdf/rapporter/innehav_2024.pdf
AMF Pension	Svenska Cellulosa	2025-03-06	Foreign Stock	https://www.amf.se/globalassets/pdf/rapporter/innehav_2024.pdf
AMF Pension	Svenska Handelsbanken	2025-03-06	Foreign Stock	https://www.amf.se/globalassets/pdf/rapporter/innehav_2024.pdf
AMF Pension	Swedavia	2025-03-06	Foreign Stock	https://www.amf.se/globalassets/pdf/rapporter/innehav_2024.pdf
AMF Pension	Swedbank	2025-03-06	Foreign Stock	https://www.amf.se/globalassets/pdf/rapporter/innehav_2024.pdf
AMF Pension	Swedbank Hypotek	2025-03-06	Foreign Stock	https://www.amf.se/globalassets/pdf/rapporter/innehav_2024.pdf
AMF Pension	Tele2	2025-03-06	Foreign Stock	https://www.amf.se/globalassets/pdf/rapporter/innehav_2024.pdf
AMF Pension	Telenor	2025-03-06	Foreign Stock	https://www.amf.se/globalassets/pdf/rapporter/innehav_2024.pdf
AMF Pension	Telia	2025-03-06	Foreign Stock	https://www.amf.se/globalassets/pdf/rapporter/innehav_2024.pdf
AMF Pension	Telus Corp	2025-03-06	Foreign Stock	https://www.amf.se/globalassets/pdf/rapporter/innehav_2024.pdf
AMF Pension	Teollisuuden Voima	2025-03-06	Foreign Stock	https://www.amf.se/globalassets/pdf/rapporter/innehav_2024.pdf
AMF Pension	Tornator	2025-03-06	Foreign Stock	https://www.amf.se/globalassets/pdf/rapporter/innehav_2024.pdf
AMF Pension	Traton	2025-03-06	Foreign Stock	https://www.amf.se/globalassets/pdf/rapporter/innehav_2024.pdf
AMF Pension	TSMC Global	2025-03-06	Foreign Stock	https://www.amf.se/globalassets/pdf/rapporter/innehav_2024.pdf
AMF Pension	UBS Group	2025-03-06	Foreign Stock	https://www.amf.se/globalassets/pdf/rapporter/innehav_2024.pdf
AMF Pension	UPM-Kymmene	2025-03-06	Foreign Stock	https://www.amf.se/globalassets/pdf/rapporter/innehav_2024.pdf
AMF Pension	Vasakronan	2025-03-06	Foreign Stock	https://www.amf.se/globalassets/pdf/rapporter/innehav_2024.pdf
AMF Pension	Vattenfall	2025-03-06	Foreign Stock	https://www.amf.se/globalassets/pdf/rapporter/innehav_2024.pdf
AMF Pension	Verizon Communications	2025-03-06	Foreign Stock	https://www.amf.se/globalassets/pdf/rapporter/innehav_2024.pdf
AMF Pension	Visa	2025-03-06	Foreign Stock	https://www.amf.se/globalassets/pdf/rapporter/innehav_2024.pdf
AMF Pension	Volvo	2025-03-06	Foreign Stock	https://www.amf.se/globalassets/pdf/rapporter/innehav_2024.pdf
AMF Pension	Walt Disney Company	2025-03-06	Foreign Stock	https://www.amf.se/globalassets/pdf/rapporter/innehav_2024.pdf
AMF Pension	Weyerhaeuser Company	2025-03-06	Foreign Stock	https://www.amf.se/globalassets/pdf/rapporter/innehav_2024.pdf
AMF Pension	Woolworths Group	2025-03-06	Foreign Stock	https://www.amf.se/globalassets/pdf/rapporter/innehav_2024.pdf
AMF Pension	Xylem	2025-03-06	Foreign Stock	https://www.amf.se/globalassets/pdf/rapporter/innehav_2024.pdf
AMF Pension	Yara International	2025-03-06	Foreign Stock	https://www.amf.se/globalassets/pdf/rapporter/innehav_2024.pdf
AMF Pension	Örebro Kommun	2025-03-06	Foreign Stock	https://www.amf.se/globalassets/pdf/rapporter/innehav_2024.pdf
AMF Pension	Australien	2025-03-06	Government Bond	https://www.amf.se/globalassets/pdf/rapporter/innehav_2024.pdf
AMF Pension	Italien	2025-03-06	Government Bond	https://www.amf.se/globalassets/pdf/rapporter/innehav_2024.pdf
AMF Pension	Japan	2025-03-06	Government Bond	https://www.amf.se/globalassets/pdf/rapporter/innehav_2024.pdf
AMF Pension	Kanada	2025-03-06	Government Bond	https://www.amf.se/globalassets/pdf/rapporter/innehav_2024.pdf
AMF Pension	Storbritannien	2025-03-06	Government Bond	https://www.amf.se/globalassets/pdf/rapporter/innehav_2024.pdf
AMF Pension	Sverige	2025-03-06	Government Bond	https://www.amf.se/globalassets/pdf/rapporter/innehav_2024.pdf
AMF Pension	Tyskland	2025-03-06	Government Bond	https://www.amf.se/globalassets/pdf/rapporter/innehav_2024.pdf
AMF Pension	USA	2025-03-06	Government Bond	https://www.amf.se/globalassets/pdf/rapporter/innehav_2024.pdf
AMF Pension	BGF Sustainable Asian Bond Fund I2 Cap	2025-03-06	Swedish Stock	https://www.amf.se/globalassets/pdf/rapporter/innehav_2024.pdf
AMF Pension	Stabelo Fund 1 AB	2025-03-06	Swedish Stock	https://www.amf.se/globalassets/pdf/rapporter/innehav_2024.pdf
