Shareholder - Name	Issuer - Name	Security - Report Date	Data Source URL
KPA	3M Company	2026-03-04	https://www.kpa.se/om-kpa-pension/vart-hallbarhetsarbete/ansvarsfulla-investeringar/innehav-och-uteslutna-bolag/
KPA	Aak AB	2026-03-04	https://www.kpa.se/om-kpa-pension/vart-hallbarhetsarbete/ansvarsfulla-investeringar/innehav-och-uteslutna-bolag/
KPA	ABB Ltd	2026-03-04	https://www.kpa.se/om-kpa-pension/vart-hallbarhetsarbete/ansvarsfulla-investeringar/innehav-och-uteslutna-bolag/
KPA	Abbott Laboratories	2026-03-04	https://www.kpa.se/om-kpa-pension/vart-hallbarhetsarbete/ansvarsfulla-investeringar/innehav-och-uteslutna-bolag/
KPA	AbbVie Inc	2026-03-04	https://www.kpa.se/om-kpa-pension/vart-hallbarhetsarbete/ansvarsfulla-investeringar/innehav-och-uteslutna-bolag/
KPA	Accenture PLC	2026-03-04	https://www.kpa.se/om-kpa-pension/vart-hallbarhetsarbete/ansvarsfulla-investeringar/innehav-och-uteslutna-bolag/
KPA	Addlife AB	2026-03-04	https://www.kpa.se/om-kpa-pension/vart-hallbarhetsarbete/ansvarsfulla-investeringar/innehav-och-uteslutna-bolag/
KPA	AddTech AB	2026-03-04	https://www.kpa.se/om-kpa-pension/vart-hallbarhetsarbete/ansvarsfulla-investeringar/innehav-och-uteslutna-bolag/
KPA	Adidas AG	2026-03-04	https://www.kpa.se/om-kpa-pension/vart-hallbarhetsarbete/ansvarsfulla-investeringar/innehav-och-uteslutna-bolag/
KPA	Adobe Systems Inc	2026-03-04	https://www.kpa.se/om-kpa-pension/vart-hallbarhetsarbete/ansvarsfulla-investeringar/innehav-och-uteslutna-bolag/
KPA	Advanced Micro Devices Inc	2026-03-04	https://www.kpa.se/om-kpa-pension/vart-hallbarhetsarbete/ansvarsfulla-investeringar/innehav-och-uteslutna-bolag/
KPA	Advantest Corp	2026-03-04	https://www.kpa.se/om-kpa-pension/vart-hallbarhetsarbete/ansvarsfulla-investeringar/innehav-och-uteslutna-bolag/
KPA	Adyen NV	2026-03-04	https://www.kpa.se/om-kpa-pension/vart-hallbarhetsarbete/ansvarsfulla-investeringar/innehav-och-uteslutna-bolag/
KPA	Aeon Co Ltd	2026-03-04	https://www.kpa.se/om-kpa-pension/vart-hallbarhetsarbete/ansvarsfulla-investeringar/innehav-och-uteslutna-bolag/
KPA	Agilent Technologies Inc	2026-03-04	https://www.kpa.se/om-kpa-pension/vart-hallbarhetsarbete/ansvarsfulla-investeringar/innehav-och-uteslutna-bolag/
KPA	Agnico-Eagle Mines Ltd	2026-03-04	https://www.kpa.se/om-kpa-pension/vart-hallbarhetsarbete/ansvarsfulla-investeringar/innehav-och-uteslutna-bolag/
KPA	AIA Group Ltd	2026-03-04	https://www.kpa.se/om-kpa-pension/vart-hallbarhetsarbete/ansvarsfulla-investeringar/innehav-och-uteslutna-bolag/
KPA	AIB Group PLC	2026-03-04	https://www.kpa.se/om-kpa-pension/vart-hallbarhetsarbete/ansvarsfulla-investeringar/innehav-och-uteslutna-bolag/
KPA	Airbnb Inc	2026-03-04	https://www.kpa.se/om-kpa-pension/vart-hallbarhetsarbete/ansvarsfulla-investeringar/innehav-och-uteslutna-bolag/
KPA	Aker BP ASA	2026-03-04	https://www.kpa.se/om-kpa-pension/vart-hallbarhetsarbete/ansvarsfulla-investeringar/innehav-och-uteslutna-bolag/
KPA	Alcon Inc	2026-03-04	https://www.kpa.se/om-kpa-pension/vart-hallbarhetsarbete/ansvarsfulla-investeringar/innehav-och-uteslutna-bolag/
KPA	Alexandria Real Estate Equities Inc	2026-03-04	https://www.kpa.se/om-kpa-pension/vart-hallbarhetsarbete/ansvarsfulla-investeringar/innehav-och-uteslutna-bolag/
KPA	Alfa Laval AB	2026-03-04	https://www.kpa.se/om-kpa-pension/vart-hallbarhetsarbete/ansvarsfulla-investeringar/innehav-och-uteslutna-bolag/
KPA	Allegion PLC	2026-03-04	https://www.kpa.se/om-kpa-pension/vart-hallbarhetsarbete/ansvarsfulla-investeringar/innehav-och-uteslutna-bolag/
KPA	Allianz SE	2026-03-04	https://www.kpa.se/om-kpa-pension/vart-hallbarhetsarbete/ansvarsfulla-investeringar/innehav-och-uteslutna-bolag/
KPA	Alnylam Pharmaceuticals Inc	2026-03-04	https://www.kpa.se/om-kpa-pension/vart-hallbarhetsarbete/ansvarsfulla-investeringar/innehav-och-uteslutna-bolag/
KPA	Alphabet Inc	2026-03-04	https://www.kpa.se/om-kpa-pension/vart-hallbarhetsarbete/ansvarsfulla-investeringar/innehav-och-uteslutna-bolag/
KPA	Amadeus IT Group SA	2026-03-04	https://www.kpa.se/om-kpa-pension/vart-hallbarhetsarbete/ansvarsfulla-investeringar/innehav-och-uteslutna-bolag/
KPA	Amazon.com Inc	2026-03-04	https://www.kpa.se/om-kpa-pension/vart-hallbarhetsarbete/ansvarsfulla-investeringar/innehav-och-uteslutna-bolag/
KPA	American Express Co	2026-03-04	https://www.kpa.se/om-kpa-pension/vart-hallbarhetsarbete/ansvarsfulla-investeringar/innehav-och-uteslutna-bolag/
KPA	American International Group Inc	2026-03-04	https://www.kpa.se/om-kpa-pension/vart-hallbarhetsarbete/ansvarsfulla-investeringar/innehav-och-uteslutna-bolag/
KPA	American Tower Corp	2026-03-04	https://www.kpa.se/om-kpa-pension/vart-hallbarhetsarbete/ansvarsfulla-investeringar/innehav-och-uteslutna-bolag/
KPA	American Water Works Co Inc	2026-03-04	https://www.kpa.se/om-kpa-pension/vart-hallbarhetsarbete/ansvarsfulla-investeringar/innehav-och-uteslutna-bolag/
KPA	Ameriprise Financial Inc	2026-03-04	https://www.kpa.se/om-kpa-pension/vart-hallbarhetsarbete/ansvarsfulla-investeringar/innehav-och-uteslutna-bolag/
KPA	Amgen Inc	2026-03-04	https://www.kpa.se/om-kpa-pension/vart-hallbarhetsarbete/ansvarsfulla-investeringar/innehav-och-uteslutna-bolag/
KPA	Anglo American PLC	2026-03-04	https://www.kpa.se/om-kpa-pension/vart-hallbarhetsarbete/ansvarsfulla-investeringar/innehav-och-uteslutna-bolag/
KPA	Annaly Capital Management Inc	2026-03-04	https://www.kpa.se/om-kpa-pension/vart-hallbarhetsarbete/ansvarsfulla-investeringar/innehav-och-uteslutna-bolag/
KPA	Antofagasta PLC	2026-03-04	https://www.kpa.se/om-kpa-pension/vart-hallbarhetsarbete/ansvarsfulla-investeringar/innehav-och-uteslutna-bolag/
KPA	Aon PLC	2026-03-04	https://www.kpa.se/om-kpa-pension/vart-hallbarhetsarbete/ansvarsfulla-investeringar/innehav-och-uteslutna-bolag/
KPA	Apollo Global Management Inc	2026-03-04	https://www.kpa.se/om-kpa-pension/vart-hallbarhetsarbete/ansvarsfulla-investeringar/innehav-och-uteslutna-bolag/
KPA	Apple Inc	2026-03-04	https://www.kpa.se/om-kpa-pension/vart-hallbarhetsarbete/ansvarsfulla-investeringar/innehav-och-uteslutna-bolag/
KPA	Applied Materials Inc	2026-03-04	https://www.kpa.se/om-kpa-pension/vart-hallbarhetsarbete/ansvarsfulla-investeringar/innehav-och-uteslutna-bolag/
KPA	AppLovin Corp	2026-03-04	https://www.kpa.se/om-kpa-pension/vart-hallbarhetsarbete/ansvarsfulla-investeringar/innehav-och-uteslutna-bolag/
KPA	Aptiv Holdings Ltd	2026-03-04	https://www.kpa.se/om-kpa-pension/vart-hallbarhetsarbete/ansvarsfulla-investeringar/innehav-och-uteslutna-bolag/
KPA	Archer-Daniels-Midland Co	2026-03-04	https://www.kpa.se/om-kpa-pension/vart-hallbarhetsarbete/ansvarsfulla-investeringar/innehav-och-uteslutna-bolag/
KPA	Argenx SE	2026-03-04	https://www.kpa.se/om-kpa-pension/vart-hallbarhetsarbete/ansvarsfulla-investeringar/innehav-och-uteslutna-bolag/
KPA	Arista Networks Inc	2026-03-04	https://www.kpa.se/om-kpa-pension/vart-hallbarhetsarbete/ansvarsfulla-investeringar/innehav-och-uteslutna-bolag/
KPA	Arthur J Gallagher & Co	2026-03-04	https://www.kpa.se/om-kpa-pension/vart-hallbarhetsarbete/ansvarsfulla-investeringar/innehav-och-uteslutna-bolag/
KPA	Asahi Kasei Corp	2026-03-04	https://www.kpa.se/om-kpa-pension/vart-hallbarhetsarbete/ansvarsfulla-investeringar/innehav-och-uteslutna-bolag/
KPA	Ashtead Group PLC	2026-03-04	https://www.kpa.se/om-kpa-pension/vart-hallbarhetsarbete/ansvarsfulla-investeringar/innehav-och-uteslutna-bolag/
KPA	ASM International NV	2026-03-04	https://www.kpa.se/om-kpa-pension/vart-hallbarhetsarbete/ansvarsfulla-investeringar/innehav-och-uteslutna-bolag/
KPA	ASML Holding NV	2026-03-04	https://www.kpa.se/om-kpa-pension/vart-hallbarhetsarbete/ansvarsfulla-investeringar/innehav-och-uteslutna-bolag/
KPA	Asmodee Group AB	2026-03-04	https://www.kpa.se/om-kpa-pension/vart-hallbarhetsarbete/ansvarsfulla-investeringar/innehav-och-uteslutna-bolag/
KPA	Assa Abloy AB	2026-03-04	https://www.kpa.se/om-kpa-pension/vart-hallbarhetsarbete/ansvarsfulla-investeringar/innehav-och-uteslutna-bolag/
KPA	AstraZeneca PLC	2026-03-04	https://www.kpa.se/om-kpa-pension/vart-hallbarhetsarbete/ansvarsfulla-investeringar/innehav-och-uteslutna-bolag/
KPA	AT&T Inc	2026-03-04	https://www.kpa.se/om-kpa-pension/vart-hallbarhetsarbete/ansvarsfulla-investeringar/innehav-och-uteslutna-bolag/
KPA	Atlas Copco AB	2026-03-04	https://www.kpa.se/om-kpa-pension/vart-hallbarhetsarbete/ansvarsfulla-investeringar/innehav-och-uteslutna-bolag/
KPA	Atlassian Corp PLC	2026-03-04	https://www.kpa.se/om-kpa-pension/vart-hallbarhetsarbete/ansvarsfulla-investeringar/innehav-och-uteslutna-bolag/
KPA	Australia & New Zealand Bankin	2026-03-04	https://www.kpa.se/om-kpa-pension/vart-hallbarhetsarbete/ansvarsfulla-investeringar/innehav-och-uteslutna-bolag/
KPA	Autodesk Inc	2026-03-04	https://www.kpa.se/om-kpa-pension/vart-hallbarhetsarbete/ansvarsfulla-investeringar/innehav-och-uteslutna-bolag/
KPA	Automatic Data Processing Inc	2026-03-04	https://www.kpa.se/om-kpa-pension/vart-hallbarhetsarbete/ansvarsfulla-investeringar/innehav-och-uteslutna-bolag/
KPA	AutoZone Inc	2026-03-04	https://www.kpa.se/om-kpa-pension/vart-hallbarhetsarbete/ansvarsfulla-investeringar/innehav-och-uteslutna-bolag/
KPA	Aviva PLC	2026-03-04	https://www.kpa.se/om-kpa-pension/vart-hallbarhetsarbete/ansvarsfulla-investeringar/innehav-och-uteslutna-bolag/
KPA	Axon Enterprise Inc	2026-03-04	https://www.kpa.se/om-kpa-pension/vart-hallbarhetsarbete/ansvarsfulla-investeringar/innehav-och-uteslutna-bolag/
KPA	Baker Hughes Company	2026-03-04	https://www.kpa.se/om-kpa-pension/vart-hallbarhetsarbete/ansvarsfulla-investeringar/innehav-och-uteslutna-bolag/
KPA	Banco Bilbao Vizcaya Argentaria	2026-03-04	https://www.kpa.se/om-kpa-pension/vart-hallbarhetsarbete/ansvarsfulla-investeringar/innehav-och-uteslutna-bolag/
KPA	Banco Santander SA	2026-03-04	https://www.kpa.se/om-kpa-pension/vart-hallbarhetsarbete/ansvarsfulla-investeringar/innehav-och-uteslutna-bolag/
KPA	Bank of America Corp	2026-03-04	https://www.kpa.se/om-kpa-pension/vart-hallbarhetsarbete/ansvarsfulla-investeringar/innehav-och-uteslutna-bolag/
KPA	Bank of Montreal	2026-03-04	https://www.kpa.se/om-kpa-pension/vart-hallbarhetsarbete/ansvarsfulla-investeringar/innehav-och-uteslutna-bolag/
KPA	Bank of Nova Scotia	2026-03-04	https://www.kpa.se/om-kpa-pension/vart-hallbarhetsarbete/ansvarsfulla-investeringar/innehav-och-uteslutna-bolag/
KPA	Barclays PLC	2026-03-04	https://www.kpa.se/om-kpa-pension/vart-hallbarhetsarbete/ansvarsfulla-investeringar/innehav-och-uteslutna-bolag/
KPA	BASF SE	2026-03-04	https://www.kpa.se/om-kpa-pension/vart-hallbarhetsarbete/ansvarsfulla-investeringar/innehav-och-uteslutna-bolag/
KPA	Bayerische Motoren Werke AG	2026-03-04	https://www.kpa.se/om-kpa-pension/vart-hallbarhetsarbete/ansvarsfulla-investeringar/innehav-och-uteslutna-bolag/
KPA	Becton Dickinson and Co	2026-03-04	https://www.kpa.se/om-kpa-pension/vart-hallbarhetsarbete/ansvarsfulla-investeringar/innehav-och-uteslutna-bolag/
KPA	Berkshire Hathaway Inc	2026-03-04	https://www.kpa.se/om-kpa-pension/vart-hallbarhetsarbete/ansvarsfulla-investeringar/innehav-och-uteslutna-bolag/
KPA	Bilia AB	2026-03-04	https://www.kpa.se/om-kpa-pension/vart-hallbarhetsarbete/ansvarsfulla-investeringar/innehav-och-uteslutna-bolag/
KPA	Billerud AB	2026-03-04	https://www.kpa.se/om-kpa-pension/vart-hallbarhetsarbete/ansvarsfulla-investeringar/innehav-och-uteslutna-bolag/
KPA	BlackRock Inc	2026-03-04	https://www.kpa.se/om-kpa-pension/vart-hallbarhetsarbete/ansvarsfulla-investeringar/innehav-och-uteslutna-bolag/
KPA	Blackstone Group Inc	2026-03-04	https://www.kpa.se/om-kpa-pension/vart-hallbarhetsarbete/ansvarsfulla-investeringar/innehav-och-uteslutna-bolag/
KPA	BNP Paribas SA	2026-03-04	https://www.kpa.se/om-kpa-pension/vart-hallbarhetsarbete/ansvarsfulla-investeringar/innehav-och-uteslutna-bolag/
KPA	Boliden AB	2026-03-04	https://www.kpa.se/om-kpa-pension/vart-hallbarhetsarbete/ansvarsfulla-investeringar/innehav-och-uteslutna-bolag/
KPA	Booking Holdings Inc	2026-03-04	https://www.kpa.se/om-kpa-pension/vart-hallbarhetsarbete/ansvarsfulla-investeringar/innehav-och-uteslutna-bolag/
KPA	Boston Scientific Corp	2026-03-04	https://www.kpa.se/om-kpa-pension/vart-hallbarhetsarbete/ansvarsfulla-investeringar/innehav-och-uteslutna-bolag/
KPA	Bouygues SA	2026-03-04	https://www.kpa.se/om-kpa-pension/vart-hallbarhetsarbete/ansvarsfulla-investeringar/innehav-och-uteslutna-bolag/
KPA	Brambles Ltd	2026-03-04	https://www.kpa.se/om-kpa-pension/vart-hallbarhetsarbete/ansvarsfulla-investeringar/innehav-och-uteslutna-bolag/
KPA	Brenntag SE	2026-03-04	https://www.kpa.se/om-kpa-pension/vart-hallbarhetsarbete/ansvarsfulla-investeringar/innehav-och-uteslutna-bolag/
KPA	Bridgestone Corp	2026-03-04	https://www.kpa.se/om-kpa-pension/vart-hallbarhetsarbete/ansvarsfulla-investeringar/innehav-och-uteslutna-bolag/
KPA	Bristol-Myers Squibb Co	2026-03-04	https://www.kpa.se/om-kpa-pension/vart-hallbarhetsarbete/ansvarsfulla-investeringar/innehav-och-uteslutna-bolag/
KPA	Broadcom Inc	2026-03-04	https://www.kpa.se/om-kpa-pension/vart-hallbarhetsarbete/ansvarsfulla-investeringar/innehav-och-uteslutna-bolag/
KPA	Brookfield Corp	2026-03-04	https://www.kpa.se/om-kpa-pension/vart-hallbarhetsarbete/ansvarsfulla-investeringar/innehav-och-uteslutna-bolag/
KPA	Builders FirstSource Inc	2026-03-04	https://www.kpa.se/om-kpa-pension/vart-hallbarhetsarbete/ansvarsfulla-investeringar/innehav-och-uteslutna-bolag/
KPA	Bunge Global SA	2026-03-04	https://www.kpa.se/om-kpa-pension/vart-hallbarhetsarbete/ansvarsfulla-investeringar/innehav-och-uteslutna-bolag/
KPA	Bunzl PLC	2026-03-04	https://www.kpa.se/om-kpa-pension/vart-hallbarhetsarbete/ansvarsfulla-investeringar/innehav-och-uteslutna-bolag/
KPA	Cadence Design Systems Inc	2026-03-04	https://www.kpa.se/om-kpa-pension/vart-hallbarhetsarbete/ansvarsfulla-investeringar/innehav-och-uteslutna-bolag/
KPA	Canadian Imperial Bank of Commerce	2026-03-04	https://www.kpa.se/om-kpa-pension/vart-hallbarhetsarbete/ansvarsfulla-investeringar/innehav-och-uteslutna-bolag/
KPA	Canadian National Railway Co	2026-03-04	https://www.kpa.se/om-kpa-pension/vart-hallbarhetsarbete/ansvarsfulla-investeringar/innehav-och-uteslutna-bolag/
KPA	Canadian Pacific Kansas City Ltd	2026-03-04	https://www.kpa.se/om-kpa-pension/vart-hallbarhetsarbete/ansvarsfulla-investeringar/innehav-och-uteslutna-bolag/
KPA	Capgemini SA	2026-03-04	https://www.kpa.se/om-kpa-pension/vart-hallbarhetsarbete/ansvarsfulla-investeringar/innehav-och-uteslutna-bolag/
KPA	Capital One Financial Corp	2026-03-04	https://www.kpa.se/om-kpa-pension/vart-hallbarhetsarbete/ansvarsfulla-investeringar/innehav-och-uteslutna-bolag/
KPA	Carrier Global Corp	2026-03-04	https://www.kpa.se/om-kpa-pension/vart-hallbarhetsarbete/ansvarsfulla-investeringar/innehav-och-uteslutna-bolag/
KPA	Carvana Co	2026-03-04	https://www.kpa.se/om-kpa-pension/vart-hallbarhetsarbete/ansvarsfulla-investeringar/innehav-och-uteslutna-bolag/
KPA	Castellum AB	2026-03-04	https://www.kpa.se/om-kpa-pension/vart-hallbarhetsarbete/ansvarsfulla-investeringar/innehav-och-uteslutna-bolag/
KPA	CBOE Holdings Inc	2026-03-04	https://www.kpa.se/om-kpa-pension/vart-hallbarhetsarbete/ansvarsfulla-investeringar/innehav-och-uteslutna-bolag/
KPA	CBRE Group Inc	2026-03-04	https://www.kpa.se/om-kpa-pension/vart-hallbarhetsarbete/ansvarsfulla-investeringar/innehav-och-uteslutna-bolag/
KPA	Celestica Inc	2026-03-04	https://www.kpa.se/om-kpa-pension/vart-hallbarhetsarbete/ansvarsfulla-investeringar/innehav-och-uteslutna-bolag/
KPA	Cencora Inc	2026-03-04	https://www.kpa.se/om-kpa-pension/vart-hallbarhetsarbete/ansvarsfulla-investeringar/innehav-och-uteslutna-bolag/
KPA	Centrica PLC	2026-03-04	https://www.kpa.se/om-kpa-pension/vart-hallbarhetsarbete/ansvarsfulla-investeringar/innehav-och-uteslutna-bolag/
KPA	Chipotle Mexican Grill Inc	2026-03-04	https://www.kpa.se/om-kpa-pension/vart-hallbarhetsarbete/ansvarsfulla-investeringar/innehav-och-uteslutna-bolag/
KPA	Chocoladefabriken Lindt & Sprungli AG	2026-03-04	https://www.kpa.se/om-kpa-pension/vart-hallbarhetsarbete/ansvarsfulla-investeringar/innehav-och-uteslutna-bolag/
KPA	Chubb Ltd	2026-03-04	https://www.kpa.se/om-kpa-pension/vart-hallbarhetsarbete/ansvarsfulla-investeringar/innehav-och-uteslutna-bolag/
KPA	Chugai Pharmaceutical Co Ltd	2026-03-04	https://www.kpa.se/om-kpa-pension/vart-hallbarhetsarbete/ansvarsfulla-investeringar/innehav-och-uteslutna-bolag/
KPA	Church & Dwight Co Inc	2026-03-04	https://www.kpa.se/om-kpa-pension/vart-hallbarhetsarbete/ansvarsfulla-investeringar/innehav-och-uteslutna-bolag/
KPA	Cie de Saint-Gobain SA	2026-03-04	https://www.kpa.se/om-kpa-pension/vart-hallbarhetsarbete/ansvarsfulla-investeringar/innehav-och-uteslutna-bolag/
KPA	Cie Financiere Richemont SA	2026-03-04	https://www.kpa.se/om-kpa-pension/vart-hallbarhetsarbete/ansvarsfulla-investeringar/innehav-och-uteslutna-bolag/
KPA	Cie Generale des Etablissements Michelin SCA	2026-03-04	https://www.kpa.se/om-kpa-pension/vart-hallbarhetsarbete/ansvarsfulla-investeringar/innehav-och-uteslutna-bolag/
KPA	Ciena Corp	2026-03-04	https://www.kpa.se/om-kpa-pension/vart-hallbarhetsarbete/ansvarsfulla-investeringar/innehav-och-uteslutna-bolag/
KPA	Cigna Group	2026-03-04	https://www.kpa.se/om-kpa-pension/vart-hallbarhetsarbete/ansvarsfulla-investeringar/innehav-och-uteslutna-bolag/
KPA	Cintas Corp	2026-03-04	https://www.kpa.se/om-kpa-pension/vart-hallbarhetsarbete/ansvarsfulla-investeringar/innehav-och-uteslutna-bolag/
KPA	Cisco Systems Inc	2026-03-04	https://www.kpa.se/om-kpa-pension/vart-hallbarhetsarbete/ansvarsfulla-investeringar/innehav-och-uteslutna-bolag/
KPA	Citigroup Inc	2026-03-04	https://www.kpa.se/om-kpa-pension/vart-hallbarhetsarbete/ansvarsfulla-investeringar/innehav-och-uteslutna-bolag/
KPA	Citizens Financial Group	2026-03-04	https://www.kpa.se/om-kpa-pension/vart-hallbarhetsarbete/ansvarsfulla-investeringar/innehav-och-uteslutna-bolag/
KPA	Cloudflare Inc	2026-03-04	https://www.kpa.se/om-kpa-pension/vart-hallbarhetsarbete/ansvarsfulla-investeringar/innehav-och-uteslutna-bolag/
KPA	CME Group Inc	2026-03-04	https://www.kpa.se/om-kpa-pension/vart-hallbarhetsarbete/ansvarsfulla-investeringar/innehav-och-uteslutna-bolag/
KPA	Cognizant Technology Solutions	2026-03-04	https://www.kpa.se/om-kpa-pension/vart-hallbarhetsarbete/ansvarsfulla-investeringar/innehav-och-uteslutna-bolag/
KPA	Colgate-Palmolive Co	2026-03-04	https://www.kpa.se/om-kpa-pension/vart-hallbarhetsarbete/ansvarsfulla-investeringar/innehav-och-uteslutna-bolag/
KPA	Comcast Corp	2026-03-04	https://www.kpa.se/om-kpa-pension/vart-hallbarhetsarbete/ansvarsfulla-investeringar/innehav-och-uteslutna-bolag/
KPA	Comfort Systems USA Inc	2026-03-04	https://www.kpa.se/om-kpa-pension/vart-hallbarhetsarbete/ansvarsfulla-investeringar/innehav-och-uteslutna-bolag/
KPA	Commerzbank AG	2026-03-04	https://www.kpa.se/om-kpa-pension/vart-hallbarhetsarbete/ansvarsfulla-investeringar/innehav-och-uteslutna-bolag/
KPA	Commonwealth Bank of Australia	2026-03-04	https://www.kpa.se/om-kpa-pension/vart-hallbarhetsarbete/ansvarsfulla-investeringar/innehav-och-uteslutna-bolag/
KPA	Compass Group PLC	2026-03-04	https://www.kpa.se/om-kpa-pension/vart-hallbarhetsarbete/ansvarsfulla-investeringar/innehav-och-uteslutna-bolag/
KPA	Consolidated Edison Inc	2026-03-04	https://www.kpa.se/om-kpa-pension/vart-hallbarhetsarbete/ansvarsfulla-investeringar/innehav-och-uteslutna-bolag/
KPA	Constellation Software Inc	2026-03-04	https://www.kpa.se/om-kpa-pension/vart-hallbarhetsarbete/ansvarsfulla-investeringar/innehav-och-uteslutna-bolag/
KPA	Continental AG	2026-03-04	https://www.kpa.se/om-kpa-pension/vart-hallbarhetsarbete/ansvarsfulla-investeringar/innehav-och-uteslutna-bolag/
KPA	Copart Inc	2026-03-04	https://www.kpa.se/om-kpa-pension/vart-hallbarhetsarbete/ansvarsfulla-investeringar/innehav-och-uteslutna-bolag/
KPA	Corteva Inc	2026-03-04	https://www.kpa.se/om-kpa-pension/vart-hallbarhetsarbete/ansvarsfulla-investeringar/innehav-och-uteslutna-bolag/
KPA	Costco Wholesale Corp	2026-03-04	https://www.kpa.se/om-kpa-pension/vart-hallbarhetsarbete/ansvarsfulla-investeringar/innehav-och-uteslutna-bolag/
KPA	Crowdstrike Holdings Inc	2026-03-04	https://www.kpa.se/om-kpa-pension/vart-hallbarhetsarbete/ansvarsfulla-investeringar/innehav-och-uteslutna-bolag/
KPA	Crown Castle Inc	2026-03-04	https://www.kpa.se/om-kpa-pension/vart-hallbarhetsarbete/ansvarsfulla-investeringar/innehav-och-uteslutna-bolag/
KPA	CSL Ltd	2026-03-04	https://www.kpa.se/om-kpa-pension/vart-hallbarhetsarbete/ansvarsfulla-investeringar/innehav-och-uteslutna-bolag/
KPA	CSX Corp	2026-03-04	https://www.kpa.se/om-kpa-pension/vart-hallbarhetsarbete/ansvarsfulla-investeringar/innehav-och-uteslutna-bolag/
KPA	Cummins Inc	2026-03-04	https://www.kpa.se/om-kpa-pension/vart-hallbarhetsarbete/ansvarsfulla-investeringar/innehav-och-uteslutna-bolag/
KPA	CVS Health Corp	2026-03-04	https://www.kpa.se/om-kpa-pension/vart-hallbarhetsarbete/ansvarsfulla-investeringar/innehav-och-uteslutna-bolag/
KPA	Daiichi Sankyo Co Ltd	2026-03-04	https://www.kpa.se/om-kpa-pension/vart-hallbarhetsarbete/ansvarsfulla-investeringar/innehav-och-uteslutna-bolag/
KPA	Daiwa House Industry Co Ltd	2026-03-04	https://www.kpa.se/om-kpa-pension/vart-hallbarhetsarbete/ansvarsfulla-investeringar/innehav-och-uteslutna-bolag/
KPA	Danaher Corp	2026-03-04	https://www.kpa.se/om-kpa-pension/vart-hallbarhetsarbete/ansvarsfulla-investeringar/innehav-och-uteslutna-bolag/
KPA	Danone SA	2026-03-04	https://www.kpa.se/om-kpa-pension/vart-hallbarhetsarbete/ansvarsfulla-investeringar/innehav-och-uteslutna-bolag/
KPA	Darden Restaurants Inc	2026-03-04	https://www.kpa.se/om-kpa-pension/vart-hallbarhetsarbete/ansvarsfulla-investeringar/innehav-och-uteslutna-bolag/
KPA	Datadog Inc	2026-03-04	https://www.kpa.se/om-kpa-pension/vart-hallbarhetsarbete/ansvarsfulla-investeringar/innehav-och-uteslutna-bolag/
KPA	DBS Group Holdings Ltd	2026-03-04	https://www.kpa.se/om-kpa-pension/vart-hallbarhetsarbete/ansvarsfulla-investeringar/innehav-och-uteslutna-bolag/
KPA	Deckers Outdoor Corp	2026-03-04	https://www.kpa.se/om-kpa-pension/vart-hallbarhetsarbete/ansvarsfulla-investeringar/innehav-och-uteslutna-bolag/
KPA	Deere & Co	2026-03-04	https://www.kpa.se/om-kpa-pension/vart-hallbarhetsarbete/ansvarsfulla-investeringar/innehav-och-uteslutna-bolag/
KPA	Dell Technologies Inc	2026-03-04	https://www.kpa.se/om-kpa-pension/vart-hallbarhetsarbete/ansvarsfulla-investeringar/innehav-och-uteslutna-bolag/
KPA	Delta Airlines	2026-03-04	https://www.kpa.se/om-kpa-pension/vart-hallbarhetsarbete/ansvarsfulla-investeringar/innehav-och-uteslutna-bolag/
KPA	Deutsche Post AG	2026-03-04	https://www.kpa.se/om-kpa-pension/vart-hallbarhetsarbete/ansvarsfulla-investeringar/innehav-och-uteslutna-bolag/
KPA	Deutsche Telekom AG	2026-03-04	https://www.kpa.se/om-kpa-pension/vart-hallbarhetsarbete/ansvarsfulla-investeringar/innehav-och-uteslutna-bolag/
KPA	DexCom Inc	2026-03-04	https://www.kpa.se/om-kpa-pension/vart-hallbarhetsarbete/ansvarsfulla-investeringar/innehav-och-uteslutna-bolag/
KPA	Diamondback Energy Inc	2026-03-04	https://www.kpa.se/om-kpa-pension/vart-hallbarhetsarbete/ansvarsfulla-investeringar/innehav-och-uteslutna-bolag/
KPA	Digital Realty Trust Inc	2026-03-04	https://www.kpa.se/om-kpa-pension/vart-hallbarhetsarbete/ansvarsfulla-investeringar/innehav-och-uteslutna-bolag/
KPA	Disco Corp	2026-03-04	https://www.kpa.se/om-kpa-pension/vart-hallbarhetsarbete/ansvarsfulla-investeringar/innehav-och-uteslutna-bolag/
KPA	Discovery Inc	2026-03-04	https://www.kpa.se/om-kpa-pension/vart-hallbarhetsarbete/ansvarsfulla-investeringar/innehav-och-uteslutna-bolag/
KPA	DNB Bank ASA	2026-03-04	https://www.kpa.se/om-kpa-pension/vart-hallbarhetsarbete/ansvarsfulla-investeringar/innehav-och-uteslutna-bolag/
KPA	Dollar General Corp	2026-03-04	https://www.kpa.se/om-kpa-pension/vart-hallbarhetsarbete/ansvarsfulla-investeringar/innehav-och-uteslutna-bolag/
KPA	Dollar Tree Inc	2026-03-04	https://www.kpa.se/om-kpa-pension/vart-hallbarhetsarbete/ansvarsfulla-investeringar/innehav-och-uteslutna-bolag/
KPA	Dollarama Inc	2026-03-04	https://www.kpa.se/om-kpa-pension/vart-hallbarhetsarbete/ansvarsfulla-investeringar/innehav-och-uteslutna-bolag/
KPA	DoorDash Inc	2026-03-04	https://www.kpa.se/om-kpa-pension/vart-hallbarhetsarbete/ansvarsfulla-investeringar/innehav-och-uteslutna-bolag/
KPA	Dowpont de Nemours Inc	2026-03-04	https://www.kpa.se/om-kpa-pension/vart-hallbarhetsarbete/ansvarsfulla-investeringar/innehav-och-uteslutna-bolag/
KPA	DR Horton Inc	2026-03-04	https://www.kpa.se/om-kpa-pension/vart-hallbarhetsarbete/ansvarsfulla-investeringar/innehav-och-uteslutna-bolag/
KPA	DSV A/S	2026-03-04	https://www.kpa.se/om-kpa-pension/vart-hallbarhetsarbete/ansvarsfulla-investeringar/innehav-och-uteslutna-bolag/
KPA	Dynatrace Inc	2026-03-04	https://www.kpa.se/om-kpa-pension/vart-hallbarhetsarbete/ansvarsfulla-investeringar/innehav-och-uteslutna-bolag/
KPA	E.ON SE	2026-03-04	https://www.kpa.se/om-kpa-pension/vart-hallbarhetsarbete/ansvarsfulla-investeringar/innehav-och-uteslutna-bolag/
KPA	East Japan Railway Co	2026-03-04	https://www.kpa.se/om-kpa-pension/vart-hallbarhetsarbete/ansvarsfulla-investeringar/innehav-och-uteslutna-bolag/
KPA	eBay Inc	2026-03-04	https://www.kpa.se/om-kpa-pension/vart-hallbarhetsarbete/ansvarsfulla-investeringar/innehav-och-uteslutna-bolag/
KPA	Ecolab Inc	2026-03-04	https://www.kpa.se/om-kpa-pension/vart-hallbarhetsarbete/ansvarsfulla-investeringar/innehav-och-uteslutna-bolag/
KPA	Edison International	2026-03-04	https://www.kpa.se/om-kpa-pension/vart-hallbarhetsarbete/ansvarsfulla-investeringar/innehav-och-uteslutna-bolag/
KPA	EDP SA	2026-03-04	https://www.kpa.se/om-kpa-pension/vart-hallbarhetsarbete/ansvarsfulla-investeringar/innehav-och-uteslutna-bolag/
KPA	Edwards Lifesciences Corp	2026-03-04	https://www.kpa.se/om-kpa-pension/vart-hallbarhetsarbete/ansvarsfulla-investeringar/innehav-och-uteslutna-bolag/
KPA	Eiffage SA	2026-03-04	https://www.kpa.se/om-kpa-pension/vart-hallbarhetsarbete/ansvarsfulla-investeringar/innehav-och-uteslutna-bolag/
KPA	Electrolux AB	2026-03-04	https://www.kpa.se/om-kpa-pension/vart-hallbarhetsarbete/ansvarsfulla-investeringar/innehav-och-uteslutna-bolag/
KPA	Electronic Arts Inc	2026-03-04	https://www.kpa.se/om-kpa-pension/vart-hallbarhetsarbete/ansvarsfulla-investeringar/innehav-och-uteslutna-bolag/
KPA	Elekta AB	2026-03-04	https://www.kpa.se/om-kpa-pension/vart-hallbarhetsarbete/ansvarsfulla-investeringar/innehav-och-uteslutna-bolag/
KPA	Elevance Health Inc	2026-03-04	https://www.kpa.se/om-kpa-pension/vart-hallbarhetsarbete/ansvarsfulla-investeringar/innehav-och-uteslutna-bolag/
KPA	Eli Lilly & Co	2026-03-04	https://www.kpa.se/om-kpa-pension/vart-hallbarhetsarbete/ansvarsfulla-investeringar/innehav-och-uteslutna-bolag/
KPA	Embracer Group AB	2026-03-04	https://www.kpa.se/om-kpa-pension/vart-hallbarhetsarbete/ansvarsfulla-investeringar/innehav-och-uteslutna-bolag/
KPA	EMCOR Group Inc	2026-03-04	https://www.kpa.se/om-kpa-pension/vart-hallbarhetsarbete/ansvarsfulla-investeringar/innehav-och-uteslutna-bolag/
KPA	Emerson Electric Co	2026-03-04	https://www.kpa.se/om-kpa-pension/vart-hallbarhetsarbete/ansvarsfulla-investeringar/innehav-och-uteslutna-bolag/
KPA	Enel SpA	2026-03-04	https://www.kpa.se/om-kpa-pension/vart-hallbarhetsarbete/ansvarsfulla-investeringar/innehav-och-uteslutna-bolag/
KPA	Engie SA	2026-03-04	https://www.kpa.se/om-kpa-pension/vart-hallbarhetsarbete/ansvarsfulla-investeringar/innehav-och-uteslutna-bolag/
KPA	Eni SpA	2026-03-04	https://www.kpa.se/om-kpa-pension/vart-hallbarhetsarbete/ansvarsfulla-investeringar/innehav-och-uteslutna-bolag/
KPA	Entegris Inc	2026-03-04	https://www.kpa.se/om-kpa-pension/vart-hallbarhetsarbete/ansvarsfulla-investeringar/innehav-och-uteslutna-bolag/
KPA	EOG Resources Inc	2026-03-04	https://www.kpa.se/om-kpa-pension/vart-hallbarhetsarbete/ansvarsfulla-investeringar/innehav-och-uteslutna-bolag/
KPA	Epiroc AB	2026-03-04	https://www.kpa.se/om-kpa-pension/vart-hallbarhetsarbete/ansvarsfulla-investeringar/innehav-och-uteslutna-bolag/
KPA	EQT AB	2026-03-04	https://www.kpa.se/om-kpa-pension/vart-hallbarhetsarbete/ansvarsfulla-investeringar/innehav-och-uteslutna-bolag/
KPA	EQT Corp	2026-03-04	https://www.kpa.se/om-kpa-pension/vart-hallbarhetsarbete/ansvarsfulla-investeringar/innehav-och-uteslutna-bolag/
KPA	Equifax Inc	2026-03-04	https://www.kpa.se/om-kpa-pension/vart-hallbarhetsarbete/ansvarsfulla-investeringar/innehav-och-uteslutna-bolag/
KPA	Equinix Inc	2026-03-04	https://www.kpa.se/om-kpa-pension/vart-hallbarhetsarbete/ansvarsfulla-investeringar/innehav-och-uteslutna-bolag/
KPA	Equinor ASA	2026-03-04	https://www.kpa.se/om-kpa-pension/vart-hallbarhetsarbete/ansvarsfulla-investeringar/innehav-och-uteslutna-bolag/
KPA	EssilorLuxottica SA	2026-03-04	https://www.kpa.se/om-kpa-pension/vart-hallbarhetsarbete/ansvarsfulla-investeringar/innehav-och-uteslutna-bolag/
KPA	ESSITY AB	2026-03-04	https://www.kpa.se/om-kpa-pension/vart-hallbarhetsarbete/ansvarsfulla-investeringar/innehav-och-uteslutna-bolag/
KPA	Eversource Energy	2026-03-04	https://www.kpa.se/om-kpa-pension/vart-hallbarhetsarbete/ansvarsfulla-investeringar/innehav-och-uteslutna-bolag/
KPA	Exelon Corp	2026-03-04	https://www.kpa.se/om-kpa-pension/vart-hallbarhetsarbete/ansvarsfulla-investeringar/innehav-och-uteslutna-bolag/
KPA	Experian PLC	2026-03-04	https://www.kpa.se/om-kpa-pension/vart-hallbarhetsarbete/ansvarsfulla-investeringar/innehav-och-uteslutna-bolag/
KPA	Fabege AB	2026-03-04	https://www.kpa.se/om-kpa-pension/vart-hallbarhetsarbete/ansvarsfulla-investeringar/innehav-och-uteslutna-bolag/
KPA	Fair Isaac Corp	2026-03-04	https://www.kpa.se/om-kpa-pension/vart-hallbarhetsarbete/ansvarsfulla-investeringar/innehav-och-uteslutna-bolag/
KPA	FANUC CORPORATION	2026-03-04	https://www.kpa.se/om-kpa-pension/vart-hallbarhetsarbete/ansvarsfulla-investeringar/innehav-och-uteslutna-bolag/
KPA	Fast Retailing Co Ltd	2026-03-04	https://www.kpa.se/om-kpa-pension/vart-hallbarhetsarbete/ansvarsfulla-investeringar/innehav-och-uteslutna-bolag/
KPA	Fastenal Co	2026-03-04	https://www.kpa.se/om-kpa-pension/vart-hallbarhetsarbete/ansvarsfulla-investeringar/innehav-och-uteslutna-bolag/
KPA	Fastighets AB Balder	2026-03-04	https://www.kpa.se/om-kpa-pension/vart-hallbarhetsarbete/ansvarsfulla-investeringar/innehav-och-uteslutna-bolag/
KPA	FedEx Corp	2026-03-04	https://www.kpa.se/om-kpa-pension/vart-hallbarhetsarbete/ansvarsfulla-investeringar/innehav-och-uteslutna-bolag/
KPA	Ferguson Enterprises Inc	2026-03-04	https://www.kpa.se/om-kpa-pension/vart-hallbarhetsarbete/ansvarsfulla-investeringar/innehav-och-uteslutna-bolag/
KPA	Ferrari NV	2026-03-04	https://www.kpa.se/om-kpa-pension/vart-hallbarhetsarbete/ansvarsfulla-investeringar/innehav-och-uteslutna-bolag/
KPA	Ferrovial SE	2026-03-04	https://www.kpa.se/om-kpa-pension/vart-hallbarhetsarbete/ansvarsfulla-investeringar/innehav-och-uteslutna-bolag/
KPA	Fidelity National Information	2026-03-04	https://www.kpa.se/om-kpa-pension/vart-hallbarhetsarbete/ansvarsfulla-investeringar/innehav-och-uteslutna-bolag/
KPA	First Solar Inc	2026-03-04	https://www.kpa.se/om-kpa-pension/vart-hallbarhetsarbete/ansvarsfulla-investeringar/innehav-och-uteslutna-bolag/
KPA	Fiserv Inc	2026-03-04	https://www.kpa.se/om-kpa-pension/vart-hallbarhetsarbete/ansvarsfulla-investeringar/innehav-och-uteslutna-bolag/
KPA	Fortescue Ltd	2026-03-04	https://www.kpa.se/om-kpa-pension/vart-hallbarhetsarbete/ansvarsfulla-investeringar/innehav-och-uteslutna-bolag/
KPA	Fortinet	2026-03-04	https://www.kpa.se/om-kpa-pension/vart-hallbarhetsarbete/ansvarsfulla-investeringar/innehav-och-uteslutna-bolag/
KPA	Franco-Nevada Corp	2026-03-04	https://www.kpa.se/om-kpa-pension/vart-hallbarhetsarbete/ansvarsfulla-investeringar/innehav-och-uteslutna-bolag/
KPA	FUJIFILM Holdings Corp	2026-03-04	https://www.kpa.se/om-kpa-pension/vart-hallbarhetsarbete/ansvarsfulla-investeringar/innehav-och-uteslutna-bolag/
KPA	Fujikura Ltd	2026-03-04	https://www.kpa.se/om-kpa-pension/vart-hallbarhetsarbete/ansvarsfulla-investeringar/innehav-och-uteslutna-bolag/
KPA	Fujitsu Ltd	2026-03-04	https://www.kpa.se/om-kpa-pension/vart-hallbarhetsarbete/ansvarsfulla-investeringar/innehav-och-uteslutna-bolag/
KPA	Galp Energia SGPS SA	2026-03-04	https://www.kpa.se/om-kpa-pension/vart-hallbarhetsarbete/ansvarsfulla-investeringar/innehav-och-uteslutna-bolag/
KPA	Gartner Inc	2026-03-04	https://www.kpa.se/om-kpa-pension/vart-hallbarhetsarbete/ansvarsfulla-investeringar/innehav-och-uteslutna-bolag/
KPA	GE Vernova LLC	2026-03-04	https://www.kpa.se/om-kpa-pension/vart-hallbarhetsarbete/ansvarsfulla-investeringar/innehav-och-uteslutna-bolag/
KPA	Gen Digital Inc	2026-03-04	https://www.kpa.se/om-kpa-pension/vart-hallbarhetsarbete/ansvarsfulla-investeringar/innehav-och-uteslutna-bolag/
KPA	General Mills Inc	2026-03-04	https://www.kpa.se/om-kpa-pension/vart-hallbarhetsarbete/ansvarsfulla-investeringar/innehav-och-uteslutna-bolag/
KPA	General Motors Co	2026-03-04	https://www.kpa.se/om-kpa-pension/vart-hallbarhetsarbete/ansvarsfulla-investeringar/innehav-och-uteslutna-bolag/
KPA	Genuine Parts Co	2026-03-04	https://www.kpa.se/om-kpa-pension/vart-hallbarhetsarbete/ansvarsfulla-investeringar/innehav-och-uteslutna-bolag/
KPA	Getinge AB	2026-03-04	https://www.kpa.se/om-kpa-pension/vart-hallbarhetsarbete/ansvarsfulla-investeringar/innehav-och-uteslutna-bolag/
KPA	Gilead Sciences Inc	2026-03-04	https://www.kpa.se/om-kpa-pension/vart-hallbarhetsarbete/ansvarsfulla-investeringar/innehav-och-uteslutna-bolag/
KPA	Givaudan SA	2026-03-04	https://www.kpa.se/om-kpa-pension/vart-hallbarhetsarbete/ansvarsfulla-investeringar/innehav-och-uteslutna-bolag/
KPA	Goodman Group	2026-03-04	https://www.kpa.se/om-kpa-pension/vart-hallbarhetsarbete/ansvarsfulla-investeringar/innehav-och-uteslutna-bolag/
KPA	Great-West Lifeco Inc	2026-03-04	https://www.kpa.se/om-kpa-pension/vart-hallbarhetsarbete/ansvarsfulla-investeringar/innehav-och-uteslutna-bolag/
KPA	Groupe Bruxelles Lambert SA	2026-03-04	https://www.kpa.se/om-kpa-pension/vart-hallbarhetsarbete/ansvarsfulla-investeringar/innehav-och-uteslutna-bolag/
KPA	GSK PLC	2026-03-04	https://www.kpa.se/om-kpa-pension/vart-hallbarhetsarbete/ansvarsfulla-investeringar/innehav-och-uteslutna-bolag/
KPA	HCA Healthcare Inc	2026-03-04	https://www.kpa.se/om-kpa-pension/vart-hallbarhetsarbete/ansvarsfulla-investeringar/innehav-och-uteslutna-bolag/
KPA	Helios Towers PLC	2026-03-04	https://www.kpa.se/om-kpa-pension/vart-hallbarhetsarbete/ansvarsfulla-investeringar/innehav-och-uteslutna-bolag/
KPA	Hemnet Group AB	2026-03-04	https://www.kpa.se/om-kpa-pension/vart-hallbarhetsarbete/ansvarsfulla-investeringar/innehav-och-uteslutna-bolag/
KPA	Henkel AG & Co KGaA	2026-03-04	https://www.kpa.se/om-kpa-pension/vart-hallbarhetsarbete/ansvarsfulla-investeringar/innehav-och-uteslutna-bolag/
KPA	Hennes & Mauritz AB	2026-03-04	https://www.kpa.se/om-kpa-pension/vart-hallbarhetsarbete/ansvarsfulla-investeringar/innehav-och-uteslutna-bolag/
KPA	Hermes International	2026-03-04	https://www.kpa.se/om-kpa-pension/vart-hallbarhetsarbete/ansvarsfulla-investeringar/innehav-och-uteslutna-bolag/
KPA	Hershey	2026-03-04	https://www.kpa.se/om-kpa-pension/vart-hallbarhetsarbete/ansvarsfulla-investeringar/innehav-och-uteslutna-bolag/
KPA	Hewlett Packard Enterprise Co	2026-03-04	https://www.kpa.se/om-kpa-pension/vart-hallbarhetsarbete/ansvarsfulla-investeringar/innehav-och-uteslutna-bolag/
KPA	Hexagon AB	2026-03-04	https://www.kpa.se/om-kpa-pension/vart-hallbarhetsarbete/ansvarsfulla-investeringar/innehav-och-uteslutna-bolag/
KPA	Hexpol AB	2026-03-04	https://www.kpa.se/om-kpa-pension/vart-hallbarhetsarbete/ansvarsfulla-investeringar/innehav-och-uteslutna-bolag/
KPA	Hitachi Ltd	2026-03-04	https://www.kpa.se/om-kpa-pension/vart-hallbarhetsarbete/ansvarsfulla-investeringar/innehav-och-uteslutna-bolag/
KPA	Honda Motor Co Ltd	2026-03-04	https://www.kpa.se/om-kpa-pension/vart-hallbarhetsarbete/ansvarsfulla-investeringar/innehav-och-uteslutna-bolag/
KPA	Hong Kong Exchanges and Clearing Ltd	2026-03-04	https://www.kpa.se/om-kpa-pension/vart-hallbarhetsarbete/ansvarsfulla-investeringar/innehav-och-uteslutna-bolag/
KPA	Hormel Foods Corp	2026-03-04	https://www.kpa.se/om-kpa-pension/vart-hallbarhetsarbete/ansvarsfulla-investeringar/innehav-och-uteslutna-bolag/
KPA	Hoya Corp	2026-03-04	https://www.kpa.se/om-kpa-pension/vart-hallbarhetsarbete/ansvarsfulla-investeringar/innehav-och-uteslutna-bolag/
KPA	HP Inc	2026-03-04	https://www.kpa.se/om-kpa-pension/vart-hallbarhetsarbete/ansvarsfulla-investeringar/innehav-och-uteslutna-bolag/
KPA	HSBC Holdings PLC	2026-03-04	https://www.kpa.se/om-kpa-pension/vart-hallbarhetsarbete/ansvarsfulla-investeringar/innehav-och-uteslutna-bolag/
KPA	Humana Inc	2026-03-04	https://www.kpa.se/om-kpa-pension/vart-hallbarhetsarbete/ansvarsfulla-investeringar/innehav-och-uteslutna-bolag/
KPA	Husqvarna AB	2026-03-04	https://www.kpa.se/om-kpa-pension/vart-hallbarhetsarbete/ansvarsfulla-investeringar/innehav-och-uteslutna-bolag/
KPA	Iberdrola SA	2026-03-04	https://www.kpa.se/om-kpa-pension/vart-hallbarhetsarbete/ansvarsfulla-investeringar/innehav-och-uteslutna-bolag/
KPA	IDEX Corp	2026-03-04	https://www.kpa.se/om-kpa-pension/vart-hallbarhetsarbete/ansvarsfulla-investeringar/innehav-och-uteslutna-bolag/
KPA	Idexx Laboratories INC	2026-03-04	https://www.kpa.se/om-kpa-pension/vart-hallbarhetsarbete/ansvarsfulla-investeringar/innehav-och-uteslutna-bolag/
KPA	Imperial Oil Ltd	2026-03-04	https://www.kpa.se/om-kpa-pension/vart-hallbarhetsarbete/ansvarsfulla-investeringar/innehav-och-uteslutna-bolag/
KPA	Industria de Diseno Textil SA	2026-03-04	https://www.kpa.se/om-kpa-pension/vart-hallbarhetsarbete/ansvarsfulla-investeringar/innehav-och-uteslutna-bolag/
KPA	Informa PLC	2026-03-04	https://www.kpa.se/om-kpa-pension/vart-hallbarhetsarbete/ansvarsfulla-investeringar/innehav-och-uteslutna-bolag/
KPA	Inpex Corp	2026-03-04	https://www.kpa.se/om-kpa-pension/vart-hallbarhetsarbete/ansvarsfulla-investeringar/innehav-och-uteslutna-bolag/
KPA	Insmed Inc	2026-03-04	https://www.kpa.se/om-kpa-pension/vart-hallbarhetsarbete/ansvarsfulla-investeringar/innehav-och-uteslutna-bolag/
KPA	Intact Financial Corp	2026-03-04	https://www.kpa.se/om-kpa-pension/vart-hallbarhetsarbete/ansvarsfulla-investeringar/innehav-och-uteslutna-bolag/
KPA	Intel Corp	2026-03-04	https://www.kpa.se/om-kpa-pension/vart-hallbarhetsarbete/ansvarsfulla-investeringar/innehav-och-uteslutna-bolag/
KPA	Intercontinental Exchange Inc	2026-03-04	https://www.kpa.se/om-kpa-pension/vart-hallbarhetsarbete/ansvarsfulla-investeringar/innehav-och-uteslutna-bolag/
KPA	International Business Machines	2026-03-04	https://www.kpa.se/om-kpa-pension/vart-hallbarhetsarbete/ansvarsfulla-investeringar/innehav-och-uteslutna-bolag/
KPA	International Flavors Fragrances	2026-03-04	https://www.kpa.se/om-kpa-pension/vart-hallbarhetsarbete/ansvarsfulla-investeringar/innehav-och-uteslutna-bolag/
KPA	Intesa Sanpaolo SpA	2026-03-04	https://www.kpa.se/om-kpa-pension/vart-hallbarhetsarbete/ansvarsfulla-investeringar/innehav-och-uteslutna-bolag/
KPA	Intuit Inc	2026-03-04	https://www.kpa.se/om-kpa-pension/vart-hallbarhetsarbete/ansvarsfulla-investeringar/innehav-och-uteslutna-bolag/
KPA	Intuitive Surgical Inc	2026-03-04	https://www.kpa.se/om-kpa-pension/vart-hallbarhetsarbete/ansvarsfulla-investeringar/innehav-och-uteslutna-bolag/
KPA	Investor AB	2026-03-04	https://www.kpa.se/om-kpa-pension/vart-hallbarhetsarbete/ansvarsfulla-investeringar/innehav-och-uteslutna-bolag/
KPA	IQVIA Holdings Inc	2026-03-04	https://www.kpa.se/om-kpa-pension/vart-hallbarhetsarbete/ansvarsfulla-investeringar/innehav-och-uteslutna-bolag/
KPA	Iron Mountain Inc	2026-03-04	https://www.kpa.se/om-kpa-pension/vart-hallbarhetsarbete/ansvarsfulla-investeringar/innehav-och-uteslutna-bolag/
KPA	Ivanhoe Mines Ltd	2026-03-04	https://www.kpa.se/om-kpa-pension/vart-hallbarhetsarbete/ansvarsfulla-investeringar/innehav-och-uteslutna-bolag/
KPA	Jack Henry & Associates Inc	2026-03-04	https://www.kpa.se/om-kpa-pension/vart-hallbarhetsarbete/ansvarsfulla-investeringar/innehav-och-uteslutna-bolag/
KPA	Johnson & Johnson	2026-03-04	https://www.kpa.se/om-kpa-pension/vart-hallbarhetsarbete/ansvarsfulla-investeringar/innehav-och-uteslutna-bolag/
KPA	Johnson Controls International	2026-03-04	https://www.kpa.se/om-kpa-pension/vart-hallbarhetsarbete/ansvarsfulla-investeringar/innehav-och-uteslutna-bolag/
KPA	JPMorgan Chase & Co	2026-03-04	https://www.kpa.se/om-kpa-pension/vart-hallbarhetsarbete/ansvarsfulla-investeringar/innehav-och-uteslutna-bolag/
KPA	KDDI Corp	2026-03-04	https://www.kpa.se/om-kpa-pension/vart-hallbarhetsarbete/ansvarsfulla-investeringar/innehav-och-uteslutna-bolag/
KPA	Keppel Corp Ltd	2026-03-04	https://www.kpa.se/om-kpa-pension/vart-hallbarhetsarbete/ansvarsfulla-investeringar/innehav-och-uteslutna-bolag/
KPA	Kerry Group PLC	2026-03-04	https://www.kpa.se/om-kpa-pension/vart-hallbarhetsarbete/ansvarsfulla-investeringar/innehav-och-uteslutna-bolag/
KPA	Keurig Dr Pepper Inc	2026-03-04	https://www.kpa.se/om-kpa-pension/vart-hallbarhetsarbete/ansvarsfulla-investeringar/innehav-och-uteslutna-bolag/
KPA	Keyence Corp	2026-03-04	https://www.kpa.se/om-kpa-pension/vart-hallbarhetsarbete/ansvarsfulla-investeringar/innehav-och-uteslutna-bolag/
KPA	Keysight Technologies Inc	2026-03-04	https://www.kpa.se/om-kpa-pension/vart-hallbarhetsarbete/ansvarsfulla-investeringar/innehav-och-uteslutna-bolag/
KPA	Kimberly-Clark Corp	2026-03-04	https://www.kpa.se/om-kpa-pension/vart-hallbarhetsarbete/ansvarsfulla-investeringar/innehav-och-uteslutna-bolag/
KPA	Kimco Realty Corp	2026-03-04	https://www.kpa.se/om-kpa-pension/vart-hallbarhetsarbete/ansvarsfulla-investeringar/innehav-och-uteslutna-bolag/
KPA	Kla-Tencor Corp	2026-03-04	https://www.kpa.se/om-kpa-pension/vart-hallbarhetsarbete/ansvarsfulla-investeringar/innehav-och-uteslutna-bolag/
KPA	Koninklijke Ahold NV	2026-03-04	https://www.kpa.se/om-kpa-pension/vart-hallbarhetsarbete/ansvarsfulla-investeringar/innehav-och-uteslutna-bolag/
KPA	Kraft Heinz	2026-03-04	https://www.kpa.se/om-kpa-pension/vart-hallbarhetsarbete/ansvarsfulla-investeringar/innehav-och-uteslutna-bolag/
KPA	Kubota Corp	2026-03-04	https://www.kpa.se/om-kpa-pension/vart-hallbarhetsarbete/ansvarsfulla-investeringar/innehav-och-uteslutna-bolag/
KPA	Kyocera Corp	2026-03-04	https://www.kpa.se/om-kpa-pension/vart-hallbarhetsarbete/ansvarsfulla-investeringar/innehav-och-uteslutna-bolag/
KPA	Laboratory Corp of America Hol	2026-03-04	https://www.kpa.se/om-kpa-pension/vart-hallbarhetsarbete/ansvarsfulla-investeringar/innehav-och-uteslutna-bolag/
KPA	Lagercrantz AB	2026-03-04	https://www.kpa.se/om-kpa-pension/vart-hallbarhetsarbete/ansvarsfulla-investeringar/innehav-och-uteslutna-bolag/
KPA	Lam Research Corp	2026-03-04	https://www.kpa.se/om-kpa-pension/vart-hallbarhetsarbete/ansvarsfulla-investeringar/innehav-och-uteslutna-bolag/
KPA	Legal & General Group PLC	2026-03-04	https://www.kpa.se/om-kpa-pension/vart-hallbarhetsarbete/ansvarsfulla-investeringar/innehav-och-uteslutna-bolag/
KPA	Legrand SA	2026-03-04	https://www.kpa.se/om-kpa-pension/vart-hallbarhetsarbete/ansvarsfulla-investeringar/innehav-och-uteslutna-bolag/
KPA	Lennox International Inc	2026-03-04	https://www.kpa.se/om-kpa-pension/vart-hallbarhetsarbete/ansvarsfulla-investeringar/innehav-och-uteslutna-bolag/
KPA	Lifco AB	2026-03-04	https://www.kpa.se/om-kpa-pension/vart-hallbarhetsarbete/ansvarsfulla-investeringar/innehav-och-uteslutna-bolag/
KPA	Linde PLC	2026-03-04	https://www.kpa.se/om-kpa-pension/vart-hallbarhetsarbete/ansvarsfulla-investeringar/innehav-och-uteslutna-bolag/
KPA	Link REIT/The	2026-03-04	https://www.kpa.se/om-kpa-pension/vart-hallbarhetsarbete/ansvarsfulla-investeringar/innehav-och-uteslutna-bolag/
KPA	Lloyds Banking Group Plc	2026-03-04	https://www.kpa.se/om-kpa-pension/vart-hallbarhetsarbete/ansvarsfulla-investeringar/innehav-och-uteslutna-bolag/
KPA	Loblaw Cos Ltd	2026-03-04	https://www.kpa.se/om-kpa-pension/vart-hallbarhetsarbete/ansvarsfulla-investeringar/innehav-och-uteslutna-bolag/
KPA	London Stock Exchange Group PL	2026-03-04	https://www.kpa.se/om-kpa-pension/vart-hallbarhetsarbete/ansvarsfulla-investeringar/innehav-och-uteslutna-bolag/
KPA	Lonza Group AG	2026-03-04	https://www.kpa.se/om-kpa-pension/vart-hallbarhetsarbete/ansvarsfulla-investeringar/innehav-och-uteslutna-bolag/
KPA	L'Oreal SA	2026-03-04	https://www.kpa.se/om-kpa-pension/vart-hallbarhetsarbete/ansvarsfulla-investeringar/innehav-och-uteslutna-bolag/
KPA	Lowe’s Companies, Inc.	2026-03-04	https://www.kpa.se/om-kpa-pension/vart-hallbarhetsarbete/ansvarsfulla-investeringar/innehav-och-uteslutna-bolag/
KPA	Lululemon Athletica Inc	2026-03-04	https://www.kpa.se/om-kpa-pension/vart-hallbarhetsarbete/ansvarsfulla-investeringar/innehav-och-uteslutna-bolag/
KPA	LyondellBasell Industries NV	2026-03-04	https://www.kpa.se/om-kpa-pension/vart-hallbarhetsarbete/ansvarsfulla-investeringar/innehav-och-uteslutna-bolag/
KPA	Magna International Inc	2026-03-04	https://www.kpa.se/om-kpa-pension/vart-hallbarhetsarbete/ansvarsfulla-investeringar/innehav-och-uteslutna-bolag/
KPA	Manulife Financial Corp	2026-03-04	https://www.kpa.se/om-kpa-pension/vart-hallbarhetsarbete/ansvarsfulla-investeringar/innehav-och-uteslutna-bolag/
KPA	Marsh & McLennan Companies, Inc.	2026-03-04	https://www.kpa.se/om-kpa-pension/vart-hallbarhetsarbete/ansvarsfulla-investeringar/innehav-och-uteslutna-bolag/
KPA	Marubeni Corp	2026-03-04	https://www.kpa.se/om-kpa-pension/vart-hallbarhetsarbete/ansvarsfulla-investeringar/innehav-och-uteslutna-bolag/
KPA	Marvell Technology Inc	2026-03-04	https://www.kpa.se/om-kpa-pension/vart-hallbarhetsarbete/ansvarsfulla-investeringar/innehav-och-uteslutna-bolag/
KPA	Masco Corp	2026-03-04	https://www.kpa.se/om-kpa-pension/vart-hallbarhetsarbete/ansvarsfulla-investeringar/innehav-och-uteslutna-bolag/
KPA	Mastercard Inc	2026-03-04	https://www.kpa.se/om-kpa-pension/vart-hallbarhetsarbete/ansvarsfulla-investeringar/innehav-och-uteslutna-bolag/
KPA	McCormick & Co Inc/MD	2026-03-04	https://www.kpa.se/om-kpa-pension/vart-hallbarhetsarbete/ansvarsfulla-investeringar/innehav-och-uteslutna-bolag/
KPA	McDonald's Corp	2026-03-04	https://www.kpa.se/om-kpa-pension/vart-hallbarhetsarbete/ansvarsfulla-investeringar/innehav-och-uteslutna-bolag/
KPA	McKesson Corp	2026-03-04	https://www.kpa.se/om-kpa-pension/vart-hallbarhetsarbete/ansvarsfulla-investeringar/innehav-och-uteslutna-bolag/
KPA	Medtronic Plc	2026-03-04	https://www.kpa.se/om-kpa-pension/vart-hallbarhetsarbete/ansvarsfulla-investeringar/innehav-och-uteslutna-bolag/
KPA	MercadoLibre Inc	2026-03-04	https://www.kpa.se/om-kpa-pension/vart-hallbarhetsarbete/ansvarsfulla-investeringar/innehav-och-uteslutna-bolag/
KPA	Merck & Co Inc	2026-03-04	https://www.kpa.se/om-kpa-pension/vart-hallbarhetsarbete/ansvarsfulla-investeringar/innehav-och-uteslutna-bolag/
KPA	Meta Platforms Inc	2026-03-04	https://www.kpa.se/om-kpa-pension/vart-hallbarhetsarbete/ansvarsfulla-investeringar/innehav-och-uteslutna-bolag/
KPA	MetLife Inc	2026-03-04	https://www.kpa.se/om-kpa-pension/vart-hallbarhetsarbete/ansvarsfulla-investeringar/innehav-och-uteslutna-bolag/
KPA	Micron Technology Inc	2026-03-04	https://www.kpa.se/om-kpa-pension/vart-hallbarhetsarbete/ansvarsfulla-investeringar/innehav-och-uteslutna-bolag/
KPA	Microsoft Corp	2026-03-04	https://www.kpa.se/om-kpa-pension/vart-hallbarhetsarbete/ansvarsfulla-investeringar/innehav-och-uteslutna-bolag/
KPA	MicroStrategy Inc	2026-03-04	https://www.kpa.se/om-kpa-pension/vart-hallbarhetsarbete/ansvarsfulla-investeringar/innehav-och-uteslutna-bolag/
KPA	Mitsubishi Corp	2026-03-04	https://www.kpa.se/om-kpa-pension/vart-hallbarhetsarbete/ansvarsfulla-investeringar/innehav-och-uteslutna-bolag/
KPA	Mitsubishi Electric Corp	2026-03-04	https://www.kpa.se/om-kpa-pension/vart-hallbarhetsarbete/ansvarsfulla-investeringar/innehav-och-uteslutna-bolag/
KPA	Mitsubishi UFJ Financial Group	2026-03-04	https://www.kpa.se/om-kpa-pension/vart-hallbarhetsarbete/ansvarsfulla-investeringar/innehav-och-uteslutna-bolag/
KPA	Mitsui & Co Ltd	2026-03-04	https://www.kpa.se/om-kpa-pension/vart-hallbarhetsarbete/ansvarsfulla-investeringar/innehav-och-uteslutna-bolag/
KPA	Mitsui Fudosan Co Ltd	2026-03-04	https://www.kpa.se/om-kpa-pension/vart-hallbarhetsarbete/ansvarsfulla-investeringar/innehav-och-uteslutna-bolag/
KPA	Mizuho Financial Group Inc	2026-03-04	https://www.kpa.se/om-kpa-pension/vart-hallbarhetsarbete/ansvarsfulla-investeringar/innehav-och-uteslutna-bolag/
KPA	Mondelez International Inc	2026-03-04	https://www.kpa.se/om-kpa-pension/vart-hallbarhetsarbete/ansvarsfulla-investeringar/innehav-och-uteslutna-bolag/
KPA	MongoDB Inc	2026-03-04	https://www.kpa.se/om-kpa-pension/vart-hallbarhetsarbete/ansvarsfulla-investeringar/innehav-och-uteslutna-bolag/
KPA	Monolithic Power Systems Inc	2026-03-04	https://www.kpa.se/om-kpa-pension/vart-hallbarhetsarbete/ansvarsfulla-investeringar/innehav-och-uteslutna-bolag/
KPA	Monster Beverage Corp	2026-03-04	https://www.kpa.se/om-kpa-pension/vart-hallbarhetsarbete/ansvarsfulla-investeringar/innehav-och-uteslutna-bolag/
KPA	Moody's Corp	2026-03-04	https://www.kpa.se/om-kpa-pension/vart-hallbarhetsarbete/ansvarsfulla-investeringar/innehav-och-uteslutna-bolag/
KPA	Morgan Stanley	2026-03-04	https://www.kpa.se/om-kpa-pension/vart-hallbarhetsarbete/ansvarsfulla-investeringar/innehav-och-uteslutna-bolag/
KPA	Mowi ASA	2026-03-04	https://www.kpa.se/om-kpa-pension/vart-hallbarhetsarbete/ansvarsfulla-investeringar/innehav-och-uteslutna-bolag/
KPA	MS&AD Insurance Group Holdings	2026-03-04	https://www.kpa.se/om-kpa-pension/vart-hallbarhetsarbete/ansvarsfulla-investeringar/innehav-och-uteslutna-bolag/
KPA	Munters Group AB	2026-03-04	https://www.kpa.se/om-kpa-pension/vart-hallbarhetsarbete/ansvarsfulla-investeringar/innehav-och-uteslutna-bolag/
KPA	Murata Manufacturing Co Ltd	2026-03-04	https://www.kpa.se/om-kpa-pension/vart-hallbarhetsarbete/ansvarsfulla-investeringar/innehav-och-uteslutna-bolag/
KPA	Münchener Rückversicherung	2026-03-04	https://www.kpa.se/om-kpa-pension/vart-hallbarhetsarbete/ansvarsfulla-investeringar/innehav-och-uteslutna-bolag/
KPA	National Australia Bank Ltd	2026-03-04	https://www.kpa.se/om-kpa-pension/vart-hallbarhetsarbete/ansvarsfulla-investeringar/innehav-och-uteslutna-bolag/
KPA	National Bank of Canada	2026-03-04	https://www.kpa.se/om-kpa-pension/vart-hallbarhetsarbete/ansvarsfulla-investeringar/innehav-och-uteslutna-bolag/
KPA	National Grid PLC	2026-03-04	https://www.kpa.se/om-kpa-pension/vart-hallbarhetsarbete/ansvarsfulla-investeringar/innehav-och-uteslutna-bolag/
KPA	Nestle SA	2026-03-04	https://www.kpa.se/om-kpa-pension/vart-hallbarhetsarbete/ansvarsfulla-investeringar/innehav-och-uteslutna-bolag/
KPA	Netflix Inc	2026-03-04	https://www.kpa.se/om-kpa-pension/vart-hallbarhetsarbete/ansvarsfulla-investeringar/innehav-och-uteslutna-bolag/
KPA	Newmont Corp	2026-03-04	https://www.kpa.se/om-kpa-pension/vart-hallbarhetsarbete/ansvarsfulla-investeringar/innehav-och-uteslutna-bolag/
KPA	NextEra Energy Inc	2026-03-04	https://www.kpa.se/om-kpa-pension/vart-hallbarhetsarbete/ansvarsfulla-investeringar/innehav-och-uteslutna-bolag/
KPA	Nibe Industrier AB	2026-03-04	https://www.kpa.se/om-kpa-pension/vart-hallbarhetsarbete/ansvarsfulla-investeringar/innehav-och-uteslutna-bolag/
KPA	NIKE Inc	2026-03-04	https://www.kpa.se/om-kpa-pension/vart-hallbarhetsarbete/ansvarsfulla-investeringar/innehav-och-uteslutna-bolag/
KPA	Nintendo Co Ltd	2026-03-04	https://www.kpa.se/om-kpa-pension/vart-hallbarhetsarbete/ansvarsfulla-investeringar/innehav-och-uteslutna-bolag/
KPA	Nokia OYJ	2026-03-04	https://www.kpa.se/om-kpa-pension/vart-hallbarhetsarbete/ansvarsfulla-investeringar/innehav-och-uteslutna-bolag/
KPA	Nordea Bank AB	2026-03-04	https://www.kpa.se/om-kpa-pension/vart-hallbarhetsarbete/ansvarsfulla-investeringar/innehav-och-uteslutna-bolag/
KPA	Norfolk Southern Corp	2026-03-04	https://www.kpa.se/om-kpa-pension/vart-hallbarhetsarbete/ansvarsfulla-investeringar/innehav-och-uteslutna-bolag/
KPA	Norsk Hydro ASA	2026-03-04	https://www.kpa.se/om-kpa-pension/vart-hallbarhetsarbete/ansvarsfulla-investeringar/innehav-och-uteslutna-bolag/
KPA	Novartis AG	2026-03-04	https://www.kpa.se/om-kpa-pension/vart-hallbarhetsarbete/ansvarsfulla-investeringar/innehav-och-uteslutna-bolag/
KPA	Novo Nordisk A/S	2026-03-04	https://www.kpa.se/om-kpa-pension/vart-hallbarhetsarbete/ansvarsfulla-investeringar/innehav-och-uteslutna-bolag/
KPA	Nucor Corp	2026-03-04	https://www.kpa.se/om-kpa-pension/vart-hallbarhetsarbete/ansvarsfulla-investeringar/innehav-och-uteslutna-bolag/
KPA	Nvidia Corp	2026-03-04	https://www.kpa.se/om-kpa-pension/vart-hallbarhetsarbete/ansvarsfulla-investeringar/innehav-och-uteslutna-bolag/
KPA	NXP Semiconductors NV	2026-03-04	https://www.kpa.se/om-kpa-pension/vart-hallbarhetsarbete/ansvarsfulla-investeringar/innehav-och-uteslutna-bolag/
KPA	Occidental Petroleum Corp	2026-03-04	https://www.kpa.se/om-kpa-pension/vart-hallbarhetsarbete/ansvarsfulla-investeringar/innehav-och-uteslutna-bolag/
KPA	Okta Inc	2026-03-04	https://www.kpa.se/om-kpa-pension/vart-hallbarhetsarbete/ansvarsfulla-investeringar/innehav-och-uteslutna-bolag/
KPA	Oracle Corp	2026-03-04	https://www.kpa.se/om-kpa-pension/vart-hallbarhetsarbete/ansvarsfulla-investeringar/innehav-och-uteslutna-bolag/
KPA	Orange SA	2026-03-04	https://www.kpa.se/om-kpa-pension/vart-hallbarhetsarbete/ansvarsfulla-investeringar/innehav-och-uteslutna-bolag/
KPA	O'Reilly Automotive	2026-03-04	https://www.kpa.se/om-kpa-pension/vart-hallbarhetsarbete/ansvarsfulla-investeringar/innehav-och-uteslutna-bolag/
KPA	ORIX Corp	2026-03-04	https://www.kpa.se/om-kpa-pension/vart-hallbarhetsarbete/ansvarsfulla-investeringar/innehav-och-uteslutna-bolag/
KPA	Otis Worldwide Corp	2026-03-04	https://www.kpa.se/om-kpa-pension/vart-hallbarhetsarbete/ansvarsfulla-investeringar/innehav-och-uteslutna-bolag/
KPA	Oversea-Chinese Banking Corp L	2026-03-04	https://www.kpa.se/om-kpa-pension/vart-hallbarhetsarbete/ansvarsfulla-investeringar/innehav-och-uteslutna-bolag/
KPA	Paccar Inc	2026-03-04	https://www.kpa.se/om-kpa-pension/vart-hallbarhetsarbete/ansvarsfulla-investeringar/innehav-och-uteslutna-bolag/
KPA	Palantir Technologies Inc	2026-03-04	https://www.kpa.se/om-kpa-pension/vart-hallbarhetsarbete/ansvarsfulla-investeringar/innehav-och-uteslutna-bolag/
KPA	Palo Alto Networks Inc	2026-03-04	https://www.kpa.se/om-kpa-pension/vart-hallbarhetsarbete/ansvarsfulla-investeringar/innehav-och-uteslutna-bolag/
KPA	Paychex Inc	2026-03-04	https://www.kpa.se/om-kpa-pension/vart-hallbarhetsarbete/ansvarsfulla-investeringar/innehav-och-uteslutna-bolag/
KPA	Paycom Software Inc	2026-03-04	https://www.kpa.se/om-kpa-pension/vart-hallbarhetsarbete/ansvarsfulla-investeringar/innehav-och-uteslutna-bolag/
KPA	PayPal Holdings Inc	2026-03-04	https://www.kpa.se/om-kpa-pension/vart-hallbarhetsarbete/ansvarsfulla-investeringar/innehav-och-uteslutna-bolag/
KPA	Pentair Inc	2026-03-04	https://www.kpa.se/om-kpa-pension/vart-hallbarhetsarbete/ansvarsfulla-investeringar/innehav-och-uteslutna-bolag/
KPA	PepsiCo Inc/NC	2026-03-04	https://www.kpa.se/om-kpa-pension/vart-hallbarhetsarbete/ansvarsfulla-investeringar/innehav-och-uteslutna-bolag/
KPA	Pfizer Inc	2026-03-04	https://www.kpa.se/om-kpa-pension/vart-hallbarhetsarbete/ansvarsfulla-investeringar/innehav-och-uteslutna-bolag/
KPA	PNC Financial Services Group	2026-03-04	https://www.kpa.se/om-kpa-pension/vart-hallbarhetsarbete/ansvarsfulla-investeringar/innehav-och-uteslutna-bolag/
KPA	Polestar Automotive Holding UK PLC	2026-03-04	https://www.kpa.se/om-kpa-pension/vart-hallbarhetsarbete/ansvarsfulla-investeringar/innehav-och-uteslutna-bolag/
KPA	Power Corp of Canada	2026-03-04	https://www.kpa.se/om-kpa-pension/vart-hallbarhetsarbete/ansvarsfulla-investeringar/innehav-och-uteslutna-bolag/
KPA	PPG Industries Inc	2026-03-04	https://www.kpa.se/om-kpa-pension/vart-hallbarhetsarbete/ansvarsfulla-investeringar/innehav-och-uteslutna-bolag/
KPA	Principal Financial Group Inc	2026-03-04	https://www.kpa.se/om-kpa-pension/vart-hallbarhetsarbete/ansvarsfulla-investeringar/innehav-och-uteslutna-bolag/
KPA	ProLogis Inc	2026-03-04	https://www.kpa.se/om-kpa-pension/vart-hallbarhetsarbete/ansvarsfulla-investeringar/innehav-och-uteslutna-bolag/
KPA	Prosus NV	2026-03-04	https://www.kpa.se/om-kpa-pension/vart-hallbarhetsarbete/ansvarsfulla-investeringar/innehav-och-uteslutna-bolag/
KPA	Prudential Financial Inc	2026-03-04	https://www.kpa.se/om-kpa-pension/vart-hallbarhetsarbete/ansvarsfulla-investeringar/innehav-och-uteslutna-bolag/
KPA	Prudential PLC	2026-03-04	https://www.kpa.se/om-kpa-pension/vart-hallbarhetsarbete/ansvarsfulla-investeringar/innehav-och-uteslutna-bolag/
KPA	PTC Inc	2026-03-04	https://www.kpa.se/om-kpa-pension/vart-hallbarhetsarbete/ansvarsfulla-investeringar/innehav-och-uteslutna-bolag/
KPA	Public Service Enterprise Group Incorporated	2026-03-04	https://www.kpa.se/om-kpa-pension/vart-hallbarhetsarbete/ansvarsfulla-investeringar/innehav-och-uteslutna-bolag/
KPA	Public Storage	2026-03-04	https://www.kpa.se/om-kpa-pension/vart-hallbarhetsarbete/ansvarsfulla-investeringar/innehav-och-uteslutna-bolag/
KPA	Publicis Groupe SA	2026-03-04	https://www.kpa.se/om-kpa-pension/vart-hallbarhetsarbete/ansvarsfulla-investeringar/innehav-och-uteslutna-bolag/
KPA	PulteGroup Inc	2026-03-04	https://www.kpa.se/om-kpa-pension/vart-hallbarhetsarbete/ansvarsfulla-investeringar/innehav-och-uteslutna-bolag/
KPA	Pure Storage Inc	2026-03-04	https://www.kpa.se/om-kpa-pension/vart-hallbarhetsarbete/ansvarsfulla-investeringar/innehav-och-uteslutna-bolag/
KPA	QBE Insurance Group Ltd	2026-03-04	https://www.kpa.se/om-kpa-pension/vart-hallbarhetsarbete/ansvarsfulla-investeringar/innehav-och-uteslutna-bolag/
KPA	Qualcomm Inc	2026-03-04	https://www.kpa.se/om-kpa-pension/vart-hallbarhetsarbete/ansvarsfulla-investeringar/innehav-och-uteslutna-bolag/
KPA	Quanta Services Inc	2026-03-04	https://www.kpa.se/om-kpa-pension/vart-hallbarhetsarbete/ansvarsfulla-investeringar/innehav-och-uteslutna-bolag/
KPA	Quest Diagnostics Inc/DE	2026-03-04	https://www.kpa.se/om-kpa-pension/vart-hallbarhetsarbete/ansvarsfulla-investeringar/innehav-och-uteslutna-bolag/
KPA	Reckitt Benckiser Group PLC	2026-03-04	https://www.kpa.se/om-kpa-pension/vart-hallbarhetsarbete/ansvarsfulla-investeringar/innehav-och-uteslutna-bolag/
KPA	Recruit Holding Co Ltd	2026-03-04	https://www.kpa.se/om-kpa-pension/vart-hallbarhetsarbete/ansvarsfulla-investeringar/innehav-och-uteslutna-bolag/
KPA	Reddit Inc	2026-03-04	https://www.kpa.se/om-kpa-pension/vart-hallbarhetsarbete/ansvarsfulla-investeringar/innehav-och-uteslutna-bolag/
KPA	Regency Centers Corp	2026-03-04	https://www.kpa.se/om-kpa-pension/vart-hallbarhetsarbete/ansvarsfulla-investeringar/innehav-och-uteslutna-bolag/
KPA	Regeneron Pharmaceuticals Inc	2026-03-04	https://www.kpa.se/om-kpa-pension/vart-hallbarhetsarbete/ansvarsfulla-investeringar/innehav-och-uteslutna-bolag/
KPA	Relx PLC	2026-03-04	https://www.kpa.se/om-kpa-pension/vart-hallbarhetsarbete/ansvarsfulla-investeringar/innehav-och-uteslutna-bolag/
KPA	Repsol SA	2026-03-04	https://www.kpa.se/om-kpa-pension/vart-hallbarhetsarbete/ansvarsfulla-investeringar/innehav-och-uteslutna-bolag/
KPA	ResMed Inc	2026-03-04	https://www.kpa.se/om-kpa-pension/vart-hallbarhetsarbete/ansvarsfulla-investeringar/innehav-och-uteslutna-bolag/
KPA	Resona Holdings Inc	2026-03-04	https://www.kpa.se/om-kpa-pension/vart-hallbarhetsarbete/ansvarsfulla-investeringar/innehav-och-uteslutna-bolag/
KPA	Restaurant Brands International Inc	2026-03-04	https://www.kpa.se/om-kpa-pension/vart-hallbarhetsarbete/ansvarsfulla-investeringar/innehav-och-uteslutna-bolag/
KPA	Rivian Automotive Inc	2026-03-04	https://www.kpa.se/om-kpa-pension/vart-hallbarhetsarbete/ansvarsfulla-investeringar/innehav-och-uteslutna-bolag/
KPA	Robinhood Markets Inc	2026-03-04	https://www.kpa.se/om-kpa-pension/vart-hallbarhetsarbete/ansvarsfulla-investeringar/innehav-och-uteslutna-bolag/
KPA	ROBLOX Corp	2026-03-04	https://www.kpa.se/om-kpa-pension/vart-hallbarhetsarbete/ansvarsfulla-investeringar/innehav-och-uteslutna-bolag/
KPA	Roche Holding AG	2026-03-04	https://www.kpa.se/om-kpa-pension/vart-hallbarhetsarbete/ansvarsfulla-investeringar/innehav-och-uteslutna-bolag/
KPA	Rocket Lab USA Inc	2026-03-04	https://www.kpa.se/om-kpa-pension/vart-hallbarhetsarbete/ansvarsfulla-investeringar/innehav-och-uteslutna-bolag/
KPA	Rockwell Automation Inc	2026-03-04	https://www.kpa.se/om-kpa-pension/vart-hallbarhetsarbete/ansvarsfulla-investeringar/innehav-och-uteslutna-bolag/
KPA	Roper Technologies	2026-03-04	https://www.kpa.se/om-kpa-pension/vart-hallbarhetsarbete/ansvarsfulla-investeringar/innehav-och-uteslutna-bolag/
KPA	Royal Bank of Canada	2026-03-04	https://www.kpa.se/om-kpa-pension/vart-hallbarhetsarbete/ansvarsfulla-investeringar/innehav-och-uteslutna-bolag/
KPA	Royal Caribbean Cruises Ltd	2026-03-04	https://www.kpa.se/om-kpa-pension/vart-hallbarhetsarbete/ansvarsfulla-investeringar/innehav-och-uteslutna-bolag/
KPA	S&P GLOBAL INC	2026-03-04	https://www.kpa.se/om-kpa-pension/vart-hallbarhetsarbete/ansvarsfulla-investeringar/innehav-och-uteslutna-bolag/
KPA	Saab AB	2026-03-04	https://www.kpa.se/om-kpa-pension/vart-hallbarhetsarbete/ansvarsfulla-investeringar/innehav-och-uteslutna-bolag/
KPA	Sagax AB	2026-03-04	https://www.kpa.se/om-kpa-pension/vart-hallbarhetsarbete/ansvarsfulla-investeringar/innehav-och-uteslutna-bolag/
KPA	Salesforce Inc	2026-03-04	https://www.kpa.se/om-kpa-pension/vart-hallbarhetsarbete/ansvarsfulla-investeringar/innehav-och-uteslutna-bolag/
KPA	Sandvik AB	2026-03-04	https://www.kpa.se/om-kpa-pension/vart-hallbarhetsarbete/ansvarsfulla-investeringar/innehav-och-uteslutna-bolag/
KPA	Sanofi	2026-03-04	https://www.kpa.se/om-kpa-pension/vart-hallbarhetsarbete/ansvarsfulla-investeringar/innehav-och-uteslutna-bolag/
KPA	SAP SE	2026-03-04	https://www.kpa.se/om-kpa-pension/vart-hallbarhetsarbete/ansvarsfulla-investeringar/innehav-och-uteslutna-bolag/
KPA	SBA Communications Corp	2026-03-04	https://www.kpa.se/om-kpa-pension/vart-hallbarhetsarbete/ansvarsfulla-investeringar/innehav-och-uteslutna-bolag/
KPA	Schneider Electric SE	2026-03-04	https://www.kpa.se/om-kpa-pension/vart-hallbarhetsarbete/ansvarsfulla-investeringar/innehav-och-uteslutna-bolag/
KPA	Sea Ltd	2026-03-04	https://www.kpa.se/om-kpa-pension/vart-hallbarhetsarbete/ansvarsfulla-investeringar/innehav-och-uteslutna-bolag/
KPA	Seagate Technology PLC	2026-03-04	https://www.kpa.se/om-kpa-pension/vart-hallbarhetsarbete/ansvarsfulla-investeringar/innehav-och-uteslutna-bolag/
KPA	Sectra AB	2026-03-04	https://www.kpa.se/om-kpa-pension/vart-hallbarhetsarbete/ansvarsfulla-investeringar/innehav-och-uteslutna-bolag/
KPA	Securitas AB	2026-03-04	https://www.kpa.se/om-kpa-pension/vart-hallbarhetsarbete/ansvarsfulla-investeringar/innehav-och-uteslutna-bolag/
KPA	Sempra Energy	2026-03-04	https://www.kpa.se/om-kpa-pension/vart-hallbarhetsarbete/ansvarsfulla-investeringar/innehav-och-uteslutna-bolag/
KPA	Servicenow	2026-03-04	https://www.kpa.se/om-kpa-pension/vart-hallbarhetsarbete/ansvarsfulla-investeringar/innehav-och-uteslutna-bolag/
KPA	Shell PLC	2026-03-04	https://www.kpa.se/om-kpa-pension/vart-hallbarhetsarbete/ansvarsfulla-investeringar/innehav-och-uteslutna-bolag/
KPA	Shopify Inc	2026-03-04	https://www.kpa.se/om-kpa-pension/vart-hallbarhetsarbete/ansvarsfulla-investeringar/innehav-och-uteslutna-bolag/
KPA	Siemens AG	2026-03-04	https://www.kpa.se/om-kpa-pension/vart-hallbarhetsarbete/ansvarsfulla-investeringar/innehav-och-uteslutna-bolag/
KPA	Siemens Energy AG	2026-03-04	https://www.kpa.se/om-kpa-pension/vart-hallbarhetsarbete/ansvarsfulla-investeringar/innehav-och-uteslutna-bolag/
KPA	Sika AG	2026-03-04	https://www.kpa.se/om-kpa-pension/vart-hallbarhetsarbete/ansvarsfulla-investeringar/innehav-och-uteslutna-bolag/
KPA	SingTel	2026-03-04	https://www.kpa.se/om-kpa-pension/vart-hallbarhetsarbete/ansvarsfulla-investeringar/innehav-och-uteslutna-bolag/
KPA	Skandinaviska Enskilda Banken AB	2026-03-04	https://www.kpa.se/om-kpa-pension/vart-hallbarhetsarbete/ansvarsfulla-investeringar/innehav-och-uteslutna-bolag/
KPA	Skanska AB	2026-03-04	https://www.kpa.se/om-kpa-pension/vart-hallbarhetsarbete/ansvarsfulla-investeringar/innehav-och-uteslutna-bolag/
KPA	SKF AB	2026-03-04	https://www.kpa.se/om-kpa-pension/vart-hallbarhetsarbete/ansvarsfulla-investeringar/innehav-och-uteslutna-bolag/
KPA	SLB Ltd	2026-03-04	https://www.kpa.se/om-kpa-pension/vart-hallbarhetsarbete/ansvarsfulla-investeringar/innehav-och-uteslutna-bolag/
KPA	SMC Corp/Japan	2026-03-04	https://www.kpa.se/om-kpa-pension/vart-hallbarhetsarbete/ansvarsfulla-investeringar/innehav-och-uteslutna-bolag/
KPA	Snap-On Inc	2026-03-04	https://www.kpa.se/om-kpa-pension/vart-hallbarhetsarbete/ansvarsfulla-investeringar/innehav-och-uteslutna-bolag/
KPA	Snowflake Inc	2026-03-04	https://www.kpa.se/om-kpa-pension/vart-hallbarhetsarbete/ansvarsfulla-investeringar/innehav-och-uteslutna-bolag/
KPA	Softbank Group Corp	2026-03-04	https://www.kpa.se/om-kpa-pension/vart-hallbarhetsarbete/ansvarsfulla-investeringar/innehav-och-uteslutna-bolag/
KPA	Sony Group Corp	2026-03-04	https://www.kpa.se/om-kpa-pension/vart-hallbarhetsarbete/ansvarsfulla-investeringar/innehav-och-uteslutna-bolag/
KPA	SS&C Technologies Holdings Inc	2026-03-04	https://www.kpa.se/om-kpa-pension/vart-hallbarhetsarbete/ansvarsfulla-investeringar/innehav-och-uteslutna-bolag/
KPA	SSAB AB	2026-03-04	https://www.kpa.se/om-kpa-pension/vart-hallbarhetsarbete/ansvarsfulla-investeringar/innehav-och-uteslutna-bolag/
KPA	SSE Plc	2026-03-04	https://www.kpa.se/om-kpa-pension/vart-hallbarhetsarbete/ansvarsfulla-investeringar/innehav-och-uteslutna-bolag/
KPA	Starbucks Corp	2026-03-04	https://www.kpa.se/om-kpa-pension/vart-hallbarhetsarbete/ansvarsfulla-investeringar/innehav-och-uteslutna-bolag/
KPA	State Street Corp	2026-03-04	https://www.kpa.se/om-kpa-pension/vart-hallbarhetsarbete/ansvarsfulla-investeringar/innehav-och-uteslutna-bolag/
KPA	Steel Dynamics Inc	2026-03-04	https://www.kpa.se/om-kpa-pension/vart-hallbarhetsarbete/ansvarsfulla-investeringar/innehav-och-uteslutna-bolag/
KPA	Stockland	2026-03-04	https://www.kpa.se/om-kpa-pension/vart-hallbarhetsarbete/ansvarsfulla-investeringar/innehav-och-uteslutna-bolag/
KPA	Stryker Corp	2026-03-04	https://www.kpa.se/om-kpa-pension/vart-hallbarhetsarbete/ansvarsfulla-investeringar/innehav-och-uteslutna-bolag/
KPA	Subaru Corporation	2026-03-04	https://www.kpa.se/om-kpa-pension/vart-hallbarhetsarbete/ansvarsfulla-investeringar/innehav-och-uteslutna-bolag/
KPA	Sumitomo Electric Industries Ltd	2026-03-04	https://www.kpa.se/om-kpa-pension/vart-hallbarhetsarbete/ansvarsfulla-investeringar/innehav-och-uteslutna-bolag/
KPA	Sumitomo Mitsui Financial Group Inc	2026-03-04	https://www.kpa.se/om-kpa-pension/vart-hallbarhetsarbete/ansvarsfulla-investeringar/innehav-och-uteslutna-bolag/
KPA	Sumitomo Mitsui Trust Group In	2026-03-04	https://www.kpa.se/om-kpa-pension/vart-hallbarhetsarbete/ansvarsfulla-investeringar/innehav-och-uteslutna-bolag/
KPA	Sun Life Financial Inc	2026-03-04	https://www.kpa.se/om-kpa-pension/vart-hallbarhetsarbete/ansvarsfulla-investeringar/innehav-och-uteslutna-bolag/
KPA	Suzuki Motor Corp	2026-03-04	https://www.kpa.se/om-kpa-pension/vart-hallbarhetsarbete/ansvarsfulla-investeringar/innehav-och-uteslutna-bolag/
KPA	Swedbank AB	2026-03-04	https://www.kpa.se/om-kpa-pension/vart-hallbarhetsarbete/ansvarsfulla-investeringar/innehav-och-uteslutna-bolag/
KPA	Swedish Orphan Biovitrum AB	2026-03-04	https://www.kpa.se/om-kpa-pension/vart-hallbarhetsarbete/ansvarsfulla-investeringar/innehav-och-uteslutna-bolag/
KPA	Svenska Cellulosa AB	2026-03-04	https://www.kpa.se/om-kpa-pension/vart-hallbarhetsarbete/ansvarsfulla-investeringar/innehav-och-uteslutna-bolag/
KPA	Svenska Handelsbanken AB	2026-03-04	https://www.kpa.se/om-kpa-pension/vart-hallbarhetsarbete/ansvarsfulla-investeringar/innehav-och-uteslutna-bolag/
KPA	Swiss Re AG	2026-03-04	https://www.kpa.se/om-kpa-pension/vart-hallbarhetsarbete/ansvarsfulla-investeringar/innehav-och-uteslutna-bolag/
KPA	Synopsys Inc	2026-03-04	https://www.kpa.se/om-kpa-pension/vart-hallbarhetsarbete/ansvarsfulla-investeringar/innehav-och-uteslutna-bolag/
KPA	Sysco Corp	2026-03-04	https://www.kpa.se/om-kpa-pension/vart-hallbarhetsarbete/ansvarsfulla-investeringar/innehav-och-uteslutna-bolag/
KPA	T&D Holdings Inc	2026-03-04	https://www.kpa.se/om-kpa-pension/vart-hallbarhetsarbete/ansvarsfulla-investeringar/innehav-och-uteslutna-bolag/
KPA	Takeda Pharmaceutical Co Ltd	2026-03-04	https://www.kpa.se/om-kpa-pension/vart-hallbarhetsarbete/ansvarsfulla-investeringar/innehav-och-uteslutna-bolag/
KPA	Take-Two Interactive Software Inc	2026-03-04	https://www.kpa.se/om-kpa-pension/vart-hallbarhetsarbete/ansvarsfulla-investeringar/innehav-och-uteslutna-bolag/
KPA	Target Corp	2026-03-04	https://www.kpa.se/om-kpa-pension/vart-hallbarhetsarbete/ansvarsfulla-investeringar/innehav-och-uteslutna-bolag/
KPA	Teck Resources Ltd	2026-03-04	https://www.kpa.se/om-kpa-pension/vart-hallbarhetsarbete/ansvarsfulla-investeringar/innehav-och-uteslutna-bolag/
KPA	Tele2 AB	2026-03-04	https://www.kpa.se/om-kpa-pension/vart-hallbarhetsarbete/ansvarsfulla-investeringar/innehav-och-uteslutna-bolag/
KPA	Telefonaktiebolaget LM Ericsson	2026-03-04	https://www.kpa.se/om-kpa-pension/vart-hallbarhetsarbete/ansvarsfulla-investeringar/innehav-och-uteslutna-bolag/
KPA	Telefonica SA	2026-03-04	https://www.kpa.se/om-kpa-pension/vart-hallbarhetsarbete/ansvarsfulla-investeringar/innehav-och-uteslutna-bolag/
KPA	Telenor ASA	2026-03-04	https://www.kpa.se/om-kpa-pension/vart-hallbarhetsarbete/ansvarsfulla-investeringar/innehav-och-uteslutna-bolag/
KPA	Telia Co AB	2026-03-04	https://www.kpa.se/om-kpa-pension/vart-hallbarhetsarbete/ansvarsfulla-investeringar/innehav-och-uteslutna-bolag/
KPA	Tesco PLC	2026-03-04	https://www.kpa.se/om-kpa-pension/vart-hallbarhetsarbete/ansvarsfulla-investeringar/innehav-och-uteslutna-bolag/
KPA	Texas Instruments Inc	2026-03-04	https://www.kpa.se/om-kpa-pension/vart-hallbarhetsarbete/ansvarsfulla-investeringar/innehav-och-uteslutna-bolag/
KPA	The Bank of New York Mellon Corporation	2026-03-04	https://www.kpa.se/om-kpa-pension/vart-hallbarhetsarbete/ansvarsfulla-investeringar/innehav-och-uteslutna-bolag/
KPA	The Charles Schwab Corporation	2026-03-04	https://www.kpa.se/om-kpa-pension/vart-hallbarhetsarbete/ansvarsfulla-investeringar/innehav-och-uteslutna-bolag/
KPA	The Coca-Cola Company	2026-03-04	https://www.kpa.se/om-kpa-pension/vart-hallbarhetsarbete/ansvarsfulla-investeringar/innehav-och-uteslutna-bolag/
KPA	The Goldman Sachs Group, Inc.	2026-03-04	https://www.kpa.se/om-kpa-pension/vart-hallbarhetsarbete/ansvarsfulla-investeringar/innehav-och-uteslutna-bolag/
KPA	The Home Depot, Inc.	2026-03-04	https://www.kpa.se/om-kpa-pension/vart-hallbarhetsarbete/ansvarsfulla-investeringar/innehav-och-uteslutna-bolag/
KPA	The JM Smucker Company	2026-03-04	https://www.kpa.se/om-kpa-pension/vart-hallbarhetsarbete/ansvarsfulla-investeringar/innehav-och-uteslutna-bolag/
KPA	The Kroger Co.	2026-03-04	https://www.kpa.se/om-kpa-pension/vart-hallbarhetsarbete/ansvarsfulla-investeringar/innehav-och-uteslutna-bolag/
KPA	The Procter & Gamble Company	2026-03-04	https://www.kpa.se/om-kpa-pension/vart-hallbarhetsarbete/ansvarsfulla-investeringar/innehav-och-uteslutna-bolag/
KPA	The Progressive Corporation	2026-03-04	https://www.kpa.se/om-kpa-pension/vart-hallbarhetsarbete/ansvarsfulla-investeringar/innehav-och-uteslutna-bolag/
KPA	The Sherwin-Williams Company	2026-03-04	https://www.kpa.se/om-kpa-pension/vart-hallbarhetsarbete/ansvarsfulla-investeringar/innehav-och-uteslutna-bolag/
KPA	The TJX Companies, Inc.	2026-03-04	https://www.kpa.se/om-kpa-pension/vart-hallbarhetsarbete/ansvarsfulla-investeringar/innehav-och-uteslutna-bolag/
KPA	The Trade Desk, Inc.	2026-03-04	https://www.kpa.se/om-kpa-pension/vart-hallbarhetsarbete/ansvarsfulla-investeringar/innehav-och-uteslutna-bolag/
KPA	The Travelers Companies, Inc.	2026-03-04	https://www.kpa.se/om-kpa-pension/vart-hallbarhetsarbete/ansvarsfulla-investeringar/innehav-och-uteslutna-bolag/
KPA	The Walt Disney Company	2026-03-04	https://www.kpa.se/om-kpa-pension/vart-hallbarhetsarbete/ansvarsfulla-investeringar/innehav-och-uteslutna-bolag/
KPA	Thermo Fisher Scientific Inc	2026-03-04	https://www.kpa.se/om-kpa-pension/vart-hallbarhetsarbete/ansvarsfulla-investeringar/innehav-och-uteslutna-bolag/
KPA	Thule Group	2026-03-04	https://www.kpa.se/om-kpa-pension/vart-hallbarhetsarbete/ansvarsfulla-investeringar/innehav-och-uteslutna-bolag/
KPA	T-Mobile US Inc	2026-03-04	https://www.kpa.se/om-kpa-pension/vart-hallbarhetsarbete/ansvarsfulla-investeringar/innehav-och-uteslutna-bolag/
KPA	Tokio Marine Holdings Inc	2026-03-04	https://www.kpa.se/om-kpa-pension/vart-hallbarhetsarbete/ansvarsfulla-investeringar/innehav-och-uteslutna-bolag/
KPA	Tokyo Electron Ltd	2026-03-04	https://www.kpa.se/om-kpa-pension/vart-hallbarhetsarbete/ansvarsfulla-investeringar/innehav-och-uteslutna-bolag/
KPA	Tokyo Gas Co Ltd	2026-03-04	https://www.kpa.se/om-kpa-pension/vart-hallbarhetsarbete/ansvarsfulla-investeringar/innehav-och-uteslutna-bolag/
KPA	Toray Industries Inc	2026-03-04	https://www.kpa.se/om-kpa-pension/vart-hallbarhetsarbete/ansvarsfulla-investeringar/innehav-och-uteslutna-bolag/
KPA	Toronto-Dominion Bank	2026-03-04	https://www.kpa.se/om-kpa-pension/vart-hallbarhetsarbete/ansvarsfulla-investeringar/innehav-och-uteslutna-bolag/
KPA	Total Energies SE	2026-03-04	https://www.kpa.se/om-kpa-pension/vart-hallbarhetsarbete/ansvarsfulla-investeringar/innehav-och-uteslutna-bolag/
KPA	Toyota Industries Corp	2026-03-04	https://www.kpa.se/om-kpa-pension/vart-hallbarhetsarbete/ansvarsfulla-investeringar/innehav-och-uteslutna-bolag/
KPA	Toyota Motor Corp	2026-03-04	https://www.kpa.se/om-kpa-pension/vart-hallbarhetsarbete/ansvarsfulla-investeringar/innehav-och-uteslutna-bolag/
KPA	Trane Technologies plc	2026-03-04	https://www.kpa.se/om-kpa-pension/vart-hallbarhetsarbete/ansvarsfulla-investeringar/innehav-och-uteslutna-bolag/
KPA	TransUnion	2026-03-04	https://www.kpa.se/om-kpa-pension/vart-hallbarhetsarbete/ansvarsfulla-investeringar/innehav-och-uteslutna-bolag/
KPA	Transurban Group	2026-03-04	https://www.kpa.se/om-kpa-pension/vart-hallbarhetsarbete/ansvarsfulla-investeringar/innehav-och-uteslutna-bolag/
KPA	Trelleborg AB	2026-03-04	https://www.kpa.se/om-kpa-pension/vart-hallbarhetsarbete/ansvarsfulla-investeringar/innehav-och-uteslutna-bolag/
KPA	Trimble Navigation	2026-03-04	https://www.kpa.se/om-kpa-pension/vart-hallbarhetsarbete/ansvarsfulla-investeringar/innehav-och-uteslutna-bolag/
KPA	Truist financial corporation	2026-03-04	https://www.kpa.se/om-kpa-pension/vart-hallbarhetsarbete/ansvarsfulla-investeringar/innehav-och-uteslutna-bolag/
KPA	Tyson Foods Inc	2026-03-04	https://www.kpa.se/om-kpa-pension/vart-hallbarhetsarbete/ansvarsfulla-investeringar/innehav-och-uteslutna-bolag/
KPA	UBS Group AG	2026-03-04	https://www.kpa.se/om-kpa-pension/vart-hallbarhetsarbete/ansvarsfulla-investeringar/innehav-och-uteslutna-bolag/
KPA	Ulta Beauty Inc	2026-03-04	https://www.kpa.se/om-kpa-pension/vart-hallbarhetsarbete/ansvarsfulla-investeringar/innehav-och-uteslutna-bolag/
KPA	UniCredit SpA	2026-03-04	https://www.kpa.se/om-kpa-pension/vart-hallbarhetsarbete/ansvarsfulla-investeringar/innehav-och-uteslutna-bolag/
KPA	Unilever PLC	2026-03-04	https://www.kpa.se/om-kpa-pension/vart-hallbarhetsarbete/ansvarsfulla-investeringar/innehav-och-uteslutna-bolag/
KPA	Union Pacific Corp	2026-03-04	https://www.kpa.se/om-kpa-pension/vart-hallbarhetsarbete/ansvarsfulla-investeringar/innehav-och-uteslutna-bolag/
KPA	United Airlines	2026-03-04	https://www.kpa.se/om-kpa-pension/vart-hallbarhetsarbete/ansvarsfulla-investeringar/innehav-och-uteslutna-bolag/
KPA	United Overseas Bank Ltd	2026-03-04	https://www.kpa.se/om-kpa-pension/vart-hallbarhetsarbete/ansvarsfulla-investeringar/innehav-och-uteslutna-bolag/
KPA	United Parcel Service Inc	2026-03-04	https://www.kpa.se/om-kpa-pension/vart-hallbarhetsarbete/ansvarsfulla-investeringar/innehav-och-uteslutna-bolag/
KPA	United Rentals Inc	2026-03-04	https://www.kpa.se/om-kpa-pension/vart-hallbarhetsarbete/ansvarsfulla-investeringar/innehav-och-uteslutna-bolag/
KPA	UnitedHealth Group Inc	2026-03-04	https://www.kpa.se/om-kpa-pension/vart-hallbarhetsarbete/ansvarsfulla-investeringar/innehav-och-uteslutna-bolag/
KPA	US Bancorp	2026-03-04	https://www.kpa.se/om-kpa-pension/vart-hallbarhetsarbete/ansvarsfulla-investeringar/innehav-och-uteslutna-bolag/
KPA	Waters Corp	2026-03-04	https://www.kpa.se/om-kpa-pension/vart-hallbarhetsarbete/ansvarsfulla-investeringar/innehav-och-uteslutna-bolag/
KPA	Veeva Systems Inc	2026-03-04	https://www.kpa.se/om-kpa-pension/vart-hallbarhetsarbete/ansvarsfulla-investeringar/innehav-och-uteslutna-bolag/
KPA	Wells Fargo & Co	2026-03-04	https://www.kpa.se/om-kpa-pension/vart-hallbarhetsarbete/ansvarsfulla-investeringar/innehav-och-uteslutna-bolag/
KPA	Welltower Inc	2026-03-04	https://www.kpa.se/om-kpa-pension/vart-hallbarhetsarbete/ansvarsfulla-investeringar/innehav-och-uteslutna-bolag/
KPA	Ventas Inc	2026-03-04	https://www.kpa.se/om-kpa-pension/vart-hallbarhetsarbete/ansvarsfulla-investeringar/innehav-och-uteslutna-bolag/
KPA	Veralto Corp	2026-03-04	https://www.kpa.se/om-kpa-pension/vart-hallbarhetsarbete/ansvarsfulla-investeringar/innehav-och-uteslutna-bolag/
KPA	Verisk Analytics Inc	2026-03-04	https://www.kpa.se/om-kpa-pension/vart-hallbarhetsarbete/ansvarsfulla-investeringar/innehav-och-uteslutna-bolag/
KPA	Verizon Communications Inc	2026-03-04	https://www.kpa.se/om-kpa-pension/vart-hallbarhetsarbete/ansvarsfulla-investeringar/innehav-och-uteslutna-bolag/
KPA	Versant Media Group Inc	2026-03-04	https://www.kpa.se/om-kpa-pension/vart-hallbarhetsarbete/ansvarsfulla-investeringar/innehav-och-uteslutna-bolag/
KPA	Vertex Pharmaceuticals Inc	2026-03-04	https://www.kpa.se/om-kpa-pension/vart-hallbarhetsarbete/ansvarsfulla-investeringar/innehav-och-uteslutna-bolag/
KPA	Vertiv Holdings Co	2026-03-04	https://www.kpa.se/om-kpa-pension/vart-hallbarhetsarbete/ansvarsfulla-investeringar/innehav-och-uteslutna-bolag/
KPA	Vestas Wind Systems A/S	2026-03-04	https://www.kpa.se/om-kpa-pension/vart-hallbarhetsarbete/ansvarsfulla-investeringar/innehav-och-uteslutna-bolag/
KPA	Western Digital Corp	2026-03-04	https://www.kpa.se/om-kpa-pension/vart-hallbarhetsarbete/ansvarsfulla-investeringar/innehav-och-uteslutna-bolag/
KPA	Westpac Banking Corp	2026-03-04	https://www.kpa.se/om-kpa-pension/vart-hallbarhetsarbete/ansvarsfulla-investeringar/innehav-och-uteslutna-bolag/
KPA	Weyerhaeuser Co	2026-03-04	https://www.kpa.se/om-kpa-pension/vart-hallbarhetsarbete/ansvarsfulla-investeringar/innehav-och-uteslutna-bolag/
KPA	Wheaton Precious Metals Corp	2026-03-04	https://www.kpa.se/om-kpa-pension/vart-hallbarhetsarbete/ansvarsfulla-investeringar/innehav-och-uteslutna-bolag/
KPA	Vinci SA	2026-03-04	https://www.kpa.se/om-kpa-pension/vart-hallbarhetsarbete/ansvarsfulla-investeringar/innehav-och-uteslutna-bolag/
KPA	Visa Inc	2026-03-04	https://www.kpa.se/om-kpa-pension/vart-hallbarhetsarbete/ansvarsfulla-investeringar/innehav-och-uteslutna-bolag/
KPA	Vitec Software Group AB	2026-03-04	https://www.kpa.se/om-kpa-pension/vart-hallbarhetsarbete/ansvarsfulla-investeringar/innehav-och-uteslutna-bolag/
KPA	Vodafone Group PLC	2026-03-04	https://www.kpa.se/om-kpa-pension/vart-hallbarhetsarbete/ansvarsfulla-investeringar/innehav-och-uteslutna-bolag/
KPA	Volvo AB	2026-03-04	https://www.kpa.se/om-kpa-pension/vart-hallbarhetsarbete/ansvarsfulla-investeringar/innehav-och-uteslutna-bolag/
KPA	Volvo Car AB	2026-03-04	https://www.kpa.se/om-kpa-pension/vart-hallbarhetsarbete/ansvarsfulla-investeringar/innehav-och-uteslutna-bolag/
KPA	Woodside Petroleum Ltd	2026-03-04	https://www.kpa.se/om-kpa-pension/vart-hallbarhetsarbete/ansvarsfulla-investeringar/innehav-och-uteslutna-bolag/
KPA	Workday Inc Class A	2026-03-04	https://www.kpa.se/om-kpa-pension/vart-hallbarhetsarbete/ansvarsfulla-investeringar/innehav-och-uteslutna-bolag/
KPA	WW Grainger Inc	2026-03-04	https://www.kpa.se/om-kpa-pension/vart-hallbarhetsarbete/ansvarsfulla-investeringar/innehav-och-uteslutna-bolag/
KPA	Xylem Inc	2026-03-04	https://www.kpa.se/om-kpa-pension/vart-hallbarhetsarbete/ansvarsfulla-investeringar/innehav-och-uteslutna-bolag/
KPA	Yum! Brands Inc	2026-03-04	https://www.kpa.se/om-kpa-pension/vart-hallbarhetsarbete/ansvarsfulla-investeringar/innehav-och-uteslutna-bolag/
KPA	Zebra Technologies Corp	2026-03-04	https://www.kpa.se/om-kpa-pension/vart-hallbarhetsarbete/ansvarsfulla-investeringar/innehav-och-uteslutna-bolag/
KPA	Zoetis Inc	2026-03-04	https://www.kpa.se/om-kpa-pension/vart-hallbarhetsarbete/ansvarsfulla-investeringar/innehav-och-uteslutna-bolag/
KPA	Zurich Financial Services AG	2026-03-04	https://www.kpa.se/om-kpa-pension/vart-hallbarhetsarbete/ansvarsfulla-investeringar/innehav-och-uteslutna-bolag/
