,Company,Market Value (x €1.000)
0,Apple  Inc,353.689
1,Microsoft   Corp,305.495
2,NVIDIA   CORP,274.670
3,Taiwan   Semiconductor    Manufacturing,241.295
4,Amazoncom      Inc,224.131
5,  DigiTech  Inc,9.799
6,  Security  Technology   Inc,9
7,M   Co,7.411
8,S,1.204
9,ABB  India  Ltd,4.956
10,ABB  LTD,13.058
11,Abbott   Laboratories,8.586
12,AbbVie   Inc,25.546
13,Abertis  Infraestructuras  SA,9.740
14,Absa  Group   Ltd,4.049
15, Outdoors   Inc,2.845
16,Accenture   PLC,15.959
17,Accton   Technology   Corp,12.068
18,ACS  Actividades  de  Construccio,3.796
19,Adidas  AG,5.767
20,Admiral   Group  PLC,348
21,Adp,3.956
22,Adtalem   Global  Education   Inc,2.650
23,Advanced    Micro  Devices  Inc,7.870
24,Advantest   Corp,6.547
25,Adyen   NV,507
26,Aena  SA,2.850
27,Aeon   Co Ltd,1.950
28,Affiliated Managers    Group  Inc,2.211
29,Aflac Inc,16.983
30,Agco  Corp,11.741
31,Ageas  Hybrid  Financing   SA,154
32,AGILENT   TECHNOLOGIES      INC,2.618
33,Eagle   Mines   Ltd,347
34,Aier Eye  Hospital  Group  Co  Ltd,2 4
35,Air Liquide  SA,20.661
36,AIRBNB   INC,1.675
37,Aisin Seiki Co Ltd,2.617
38,Ajinomoto    Co Inc,2.385
39,Aker  BP ASA,9.602
40,Akzo  Nobel  NV,6.196
41,Albertsons   Cos Inc,3.977
42,ALCON    INC,19.994
43,Alexandria   Real Estate,1.803
44,Alfa SAB  de  CV,1.947
45,Alfresa  Holdings  Corp,745
46,Alibaba  Group   Holding  Ltd,33.442
47,Alior Bank  SA,213
48,All Nippon  Airways   Co Ltd,354
49,Allfunds  Group   Plc,6.867
50,Allianz SE,1.209
51,Allison Transmission    Holdings,8.536
52,ALLSTATE   CORP,8.778
53,ALLY  FINANCIAL    INC,2.194
54,Alnylam   Pharmaceuticals    Inc,678
55,Alphabet   Inc,176.529
56, Queensland,2.759
57,Alstom   SA,4.282
58,Amada    Co Ltd,1.428
59,Amadeus    Capital Markets,28.583
60,Amazoncom      Inc,224.131
61,America   Movil  SAB  de CV,9.748
62, ,2.293
63,American   Apparel   Inc,16.191
64,American   Financial  Group,4.778
65,American   Tower   Corp,503
66,Ameriprise   Financial Inc,9.134
67,Amerisourcebergen      Corp,4.081
68,Ametek   Inc,8.579
69,Amgen    Inc,3.558
70,Amlogic   Shanghai  Co  Ltd,2 9
71,AMMB     Holdings  Bhd,1.193
72,Amphenol    Corp,22.099
73,"Amplifon   S,p,A,",487
74,Amvis   Holdings  Inc,745
75,ANALOG    DEVICES,16.518
76,Andritz  AG,935
77,Anglogold   Ashanti  Plc,2.991
78,Anheuser   Busch   InBev  NV,17.333
79,Annaly  Capital  Management     Inc,1.909
80,ANTOFAGASTA       PLC,268
81,Aon  PLC,2.388
82,APA  Group,1.394
83,Apollo  Investment   Management      LLC,9.209
84,Apple  Inc,353.689
85,Arch  Capital Group   LTD,8.514
86,Midland     Co,5.095
87,Ares  Management     LP,10.223
88,Argenx   SE,10.935
89,Arista Networks    Inc,20.857
90,Aristocrat  Leisure Ltd,3.065
91,ARROW     ELECTRONICS    INC,4.861
92, Co,9.822
93,Asahi  Breweries   Ltd,1.949
94,Asahi  Kasei Corp,1.001
95,ASE  Industrial Holding  Co  Ltd,25.067
96,Ashtead   Group   PLC,8.551
97,Asia Commercial    Bank  JSC,1.069
98,Asics Corp,5.177
99,ASM   International  NV,2
100,"ASML   Holding  N,V,",101.246
101,Aspen   Technology   Inc,184
102,Corp,2.550
103,AstraZeneca,49.777
104,Asustek  Computer    Inc,2.958
105,ASX  Ltd,1.167
106,T   Inc,25.555
107,Atlassian  Corp  PLC,16.927
108,  New  Zealand   Banking  Group   Ltd,6.247
109,Autodesk   Inc,27.323
110,Autohome     Inc,2.012
111,Autoliv  Inc,4.752
112,AUTONATION      INC,2.887
113,Avalonbay   Communities,16.688
114,AVANTOR     INC,419
115,AVARY   HOLDING     SHENZHEN    CO  LTD,174
116,AXA  Equitable   Holdings  Inc,11.031
117,Axis Bank  Ltd,13.066
118,Axon  Enterprise   Inc,1.390
119,Ayala  Land  Inc,262
120,Azrieli Group,1.045
121,M    European   Value  Retail SA,2 4
122,Bachem    Holding  AG,140
123,Back  office,6.104
124,Bajaj Auto  Ltd,1.499
125,Banca  Mediolanum     SpA,1.483
126,Banco   Bradesco  SA,5.542
127,Banco   de Chile,3.630
128,Banco   del Bajio SA,356
129,Banco   do Brasil SA,20.366
130,Banco   Santander   SA,22.730
131,Bangkok   Bank  PCL,4.011
132,Bank  Central  Asia Tbk  PT,16.879
133,Bank  for Foreign  Trade  of Viet,1.460
134,Bank  Mandiri   Persero  Tbk PT,7.085
135,Bank  of America   Corp,28.932
136,Bank  of Beijing Co  Ltd,632
137,Bank  of Communications      Co Ltd,5.283
138,Bank  of Hangzhou    Co Ltd,256
139,Bank  of Ireland  Group  PLC,10.481
140,Bank  Of  New  York  Mellon,22.113
141,Bank  of Shanghai   Co Ltd,630
142,Bank  of the  Philippine Islands,3.961
143,Bank  Rakyat  Indonesia   Persero,3.658
144,BankUnited    Inc,2.160
145,Banque   Cantonale   Vaudoise,1.455
146,BARCLAYS    BANK   PLC,13.056
147,BAWAG     GROUP   AG,2.575
148,Baxter  International  Inc,10.525
149,Bayerische   Motoren   Werke,289
150,BCE  Inc,998
151,BDO   Unibank   Inc,3.063
152,Beazley  PLC,17.347
153,Becton   Dickinson,15.737
154,Beijing Kingsoft  Office Softwa,136
155,Beijing Roborock    Technology   Co,4 0
156,",com     Inc",466
157,Bentley  Systems   Inc,341
158,Berkeley  Group   Holdings  PLC,2.764
159,BERRY   PLASTICS   CORP,4.640
160,Best  Buy Co,6.076
161,Bharat  Electronics  Ltd,3.975
162,Bharat  Petroleum   Corp  Ltd,2.273
163,Bharti  Airtel Ltd,16.254
164,Bidvest  Group   Ltd,8.948
165,Big Yellow  Group   PLC,2.767
166,Bilibili Inc,5.480
167,BIM  Birlesik Magazalar   AS,4.988
168,Biogen  Idec  Inc,2.636
169,BioMarin   Pharmaceutical    Inc,214
170,Blackrock  Inc,5.671
171,Blackstone   Inc,3.359
172,Bloomage    Biotechnology    Corp Lt,2 6
173,   Brands  Inc,768
174,BNI  Tbk PT,2.484
175,BNP  Paribas,19.857
176,BOE  Technology    Group   Co Ltd,5 0
177,Booking   Holdings  Inc,33.395
178,Borgwarner    Inc,2.944
179,Boston   Properties  LP,6.206
180,BOSTON    SCIENTIFIC   CORP,49.615
181,BP  Captial Markets   PLC,5.333
182,Brambles   Finance  PLC,5.577
183,Bread  Financial  Holdings  Inc,3.432
184,Brenntag   AG,2
185,Bridgestone   Corp,9.506
186,The,2.869
187,Bristol Myers   Squibb  Company,28.633
188,BRITISH  LAND   CO  PLC,7
189,Broadcom    Inc,55.037
190,Broadridge   Financial  Solutions,1.687
191,Brother  Industries  Ltd,2.347
192,  Brown  Inc,6.006
193,Forman     Corporation,1.055
194,BUNGE    GLOBAL   SA,3.019
195,BURBERRY     GROUP    PLC,3.238
196,CA  Immobilien   Anlagen   AG,645
197,Caitong  Securities  Co Ltd,149
198,Caja Ahorros   Barcelona,2.540
199,Cambricon    Technologies   Corp  Lt,8 7
200,Canadian   Pacific Railway  Ltd,1.746
201,Class  A,2.059
202,Canara  Bank,1.113
203,CANCOM     AG,2 6
204,Canon   Electronics  Inc,8.430
205,Capcom    Co Ltd,1.354
206,Capgemini   SE,8.886
207,Capital One   Bank  Usa  Na,9.773
208,CapitaLand   Integrated  Commerci,4.621
209,CapLand   Ascendas   REIT,3.952
210,Capri  Holdings  Ltd,683
211,CAR  Group   Ltd,953
212,S,6 2
213,Catcher  Technology    Co Ltd,1.709
214,Cathay  Financial  Holding  Co  Lt,11.621
215,CATL,7.831
216,CBOE   GLOBAL   MKTS   INC,671
217,CCHN,116
218,CCR  SA,5.086
219,CDW   CORP,1.170
220,Cellebrite DI Ltd,1.140
221,Cencosud    SA,2.136
222,Central  Japan  Railway  Co,9.870
223,CENTURY    HUATONG,173
224,CF Industries  Holdings  Inc,12.374
225,CGI  Group  Inc,2.319
226,Chailease  Holding   Co Ltd,1.702
227,Changjiang   Securities Co  Ltd,139
228,Charles  Schwab   Corp,20.064
229,Check  Point  Software  Technolog,4.005
230,Chennai   Petroleum   Corp  Ltd,4.134
231,Chiba  Bank  Ltd,437
232,China  Lodging  Group   Ltd,3.028
233,China  Medical   System  Holdings,6.855
234,China  Merchants    Bank  Co Ltd,19.738
235,China  Molybdenum      Co Ltd,230
236,China  Resources   Mixc  Lifestyle,5.777
237,CHINASOFT,4 5
238,CHINT   ELECTRICS,1 6
239,Chipotle  Mexican   Grill Inc,9.596
240,Chongqing    Rural Commercial    Ban,2 1
241,Chubb   Corporation,30.470
242," Banking   Co, Ltd,",12.805
243, Dwight   Co Inc,1.546
244,Ciba  Special Chem   Fin Lux,3.024
245,Cie Financiere  Richemont    SA,15.944
246,CIGNA   CORP,10.322
247,CIMB   Group  Holdings   Bhd,6.564
248,Cincinnati  Finl Corp,1.764
249,"Cintas  Corporation   No,",2
250,Cisco  Systems  Inc,19.823
251,Citizens Financial  Group  Inc,5.908
252,CJ CheilJedang   Corp,887
253,CK  Hutchison   Holdings  Ltd,1.623
254, Rice LLC,2.434
255,Clorox  Company,3.416
256,CLOUDFLARE     INC,5.278
257,Cme   Group  Inc,2.868
258,CNH   INDUSTRIAL    FIN EUR  S,5.323
259, Serv,496
260,Cola   Co,24.981
261,Cognizant   Technology   Solutions,3.257
262,COINBASE    GLOBAL    INC,1.335
263,Coles  Group  Ltd,1.896
264,Palmolive    Co,31.107
265,Colruyt  SA,3 1
266,Comcast   Cable  Comm    Hldgs,34.860
267,Comerica   Bank,3.835
268,T,925
269,Commercial    International  Bank,5.802
270,Commerzbank      AG,1
271,Commonwealth       Bank  Australia,20.795
272,"Gobain   S,A,",4.306
273,Compal   Electronics  Inc,4.139
274,"Computershare     Ltd,",1.257
275,Comsys   Holdings   Corp,1.247
276,CONAGRA     FOODS    INC,9.600
277,Concordia   Financial Group   Ltd,726
278,CONSTELLATION      BRANDS    INC,1.370
279,Constellation  Energy   Corp,7.704
280,Can,588
281,CONTACT     ENERGY   LTD,904
282,Continental   AG,4 7
283,ConvaTec   Group   PLC,6.138
284,Copart  Inc,726
285,Corebridge   Financial  Inc,3.074
286,CORNING    INC,5.827
287,COSCO    SHIPPING   Holdings  Co  Ltd,740
288,CoStar  Group   Inc,5.816
289,Costco  Wholesale    Corp,19.353
290,Coupang    Inc,1.856
291,Coway   Co  Ltd,5.968
292,Credicorp   Ltd,7.267
293,CREDIT   AGRICOLE    SA,11.635
294,Croda  International  Plc,4.972
295,Crowdstrike   Holdings  Inc,9.836
296,CSL  Ltd,19.583
297,CSX  CORP,753
298,CTS  EVENTIM    AG,4 7
299,Cukurova   Finance  International,1.749
300,Cummins    India Ltd,2.103
301,CVS  Health  Corp,13.842
302,CYBERAGENT      INC,5.941
303,CyberArk   Software   Ltd,14.845
304,Cyfrowy   Polsat SA,2 4
305,DAHUA    INC,193
306,Dai Nippon   Printing  Co Ltd,2.056
307,Daifuku  Co  Ltd,6.796
308,Daimaru   Inc,1.940
309,Dainippon   Screen  Manufacturing,543
310,Daiwa   House  Industry  Co  Ltd,15.083
311,Daiwa   Securities Group   Inc,3.085
312,S,6.250
313,Dassault  Systemes   SE,19.992
314,Milano     SpA,145
315,DAVITA   HEALTHCARE      PARTNE,2.715
316,DBS  Group   Holdings  Ltd,22.477
317,Deckers   Outdoor   Corp,467
318, CO,521
319,Dell Technologies   Inc,7.234
320,Delta  Air Lines,4.908
321,Delta  Electronics Inc,11.578
322,DELUXE   CORP,2.031
323,Denso   Corp,14.281
324,Dentsu   Inc,836
325,Deutsche   Bank  AG,2
326,Deutsche   Boerse  AG,36.567
327,Deutsche   Telekom   AG,32.595
328,DexCom    Inc,695
329,DH  Europe   Finance  SA,25.158
330,Diageo  PLC,16.933
331,Ieteren  SA,2.550
332,Digital Realty Trust  Lp,17.641
333,DINEEQUITY     INC,805
334,Disco  Corp,14.789
335,DLF  Ltd,1.334
336,DMG    Mori  Seiki Co Ltd,3.939
337,Dollarama   Inc,6.372
338,Dongbu    Insurance  Co  Ltd,7.755
339,DOORDASH      INC,25.008
340,Doosan   Bobcat   Inc,1.654
341,Dr Ing hc  F Porsche  AG,2.269
342,DRAFTKINGS     INC,333
343,Dropbox   Inc,3.261
344,FIRMENICH       AG,18.035
345,DXC  Technology    Co,1.692
346,EAST  JAPAN   RAILWAY    CO,25.028
347,EAST  MONEY     INFORMATION      CO  LTD,447
348,Ecolab  Inc,3.719
349,Edison  International,17.160
350,Edwards   Lifesciences  Corp,1.554
351,Eisai Co,3.212
352,Electronic  Arts Inc,5.519
353,Element   Fleet Management      Corp,3.740
354,ELEVANCE    HEALTH    INC,16.028
355, Co,30.934
356,NV,1.279
357,Elisa OYJ,1.169
358,Embraer   SA,2.451
359,Emcor   Group   Inc,12.411
360,eMemory     Technology   Inc,593
361, ,1
362,Empresas   CMPC    SA,496
363,Empresas   Juan  Yarur  SAC,262
364,Australia,2.140
365,Enel  SpA,3 4
366,Energizer  Holdings  Inc,2.729
367,Eni SpA,19.290
368,ENN   NATURAL    GAS  CO  LTD,434
369,Enphase   Energy  Inc,5.209
370,EON   AG,9.586
371,Eoptolink  Technology    Inc Ltd,3 4
372,EPAM   Systems   Inc,249
373,EPIROC   AB,11.017
374,Equifax  Inc,442
375,Equinix  Inc,23.038
376,Equinor  ASA,2.287
377,Equity  Residential,1.216
378,Erie Indemnity   Co,1.156
379,Essent  Group   Ltd,1.714
380,Essex  Portfolio LP,2.455
381,EssilorLuxottica,30.321
382,Essity AB,3.494
383,  The,938
384,EURONEXT     NV,12.048
385,EVE  ENERGY    CO  LTD,120
386,Everbright  Securities  Co Ltd,122
387,Everest  Group   Ltd,3.755
388,EVN  AG,4
389,Exel Ltd,153
390,Exelixis Inc,2.605
391,EXOR   NV,2.694
392,Experian  Finance   PLC,35.623
393,"  Insurance  Corp,  Sydney",2.383
394,Exxon  Mobil   Corp,40.615
395, Networks    Inc,4.353
396,Factset  Research  Systems   Inc,173
397,Fair Isaac Corp,6.874
398,Fairfax Financial  Holdings  Ltd,4.943
399,Fanuc,18.952
400,FAR  EAST  HORIZON    LTD,2.094
401,Far Eastern  New   Century  Corp,1.356
402,Fast Retailing  Co Ltd,13.667
403,FASTENAL    CO,8.903
404,FED  HOME    LN DISCOUNT     NT,10.200
405,Federal  National  Mortgage    Asso,16.654
406,Federative   Republic  of Brazil,15.277
407,FedEx  Corp,13.238
408,Ferguson   PLC,4.954
409,Ferrari NV,3.660
410,Ferrovial  SA,11.222
411,Fidelis Insurance  Holdings   Ltd,1.770
412,Fifth Third Ban  Corp,11.530
413,First,158
414,NC,520
415,First Horizon  National  Corp,6.271
416,First Solar Inc,7.220
417,FISERV  INC,39.461
418,  Paykel  Healthcare  Cor,3.156
419,FLEXTRONICS     INTL LTD,4.549
420,FLUTTER   ENTERTAINMENT        PLC,16.386
421,FMG   RESOURCES     AUG,2006
422,FOCUS   MEDIA,2 2
423,FONCIERE    DES  REGIONS,1.605
424,FORD   MOTOR    COMPANY,4.699
425,Fortinet  Inc,9.087
426,Fortis Healthcare   Ltd,2.883
427,Fox  Entertainment   Group   Inc,9.544
428,Foxconn   Industrial Internet  Co,265
429,Freee  KK,3.200
430,  Co,2.723
431,Fresenius  SE,3.730
432,Fuji Electric Holdings  Co Ltd,1.132
433,FUJIFILM   Holdings  Corp,16.060
434,Fujisawa  Pharmaceutical    Co  Ltd,3.837
435,Futu  Holdings  Ltd,314
436,GARMIN    LTD,7.352
437,Gas  Natural  SDG  SA,3 1
438,GDK   Family Trust,4.078
439,GE  Vernova   LLC,10.942
440,GEA  GROUP    AG,8.509
441,Geberit  AG,10.024
442,Gecina,2.444
443,General   Mills Inc,9.880
444,GENERAL    MOTORS     FINL CO,18.267
445,GEORGE    WESTON     LTD,883
446,GF  Securities Co  Ltd,345
447,GIGADEVICE     SEMICONDUCTOR       BEIJI,6 5
448,Gilead  Sciences  Inc,26.467
449,Givaudan   SA,5.750
450,Gjensidige  Forsikring  ASA,1.749
451,GLOBAL    PAYMENTS     INC,2.486
452,e  Online  Ltd,284
453,Globalwafers   Co  Ltd,4.731
454,Globant   SA,11.414
455,GMO    internet Inc,6.373
456,Godrej  Properties  Ltd,5.286
457,GoerTek   Inc,244
458,Goldman    Sachs  Group  Inc,16.094
459,Goodman     Funding  Pty Ltd,13.534
460,GoTo   Gojek  Tokopedia   Tbk  PT,4.092
461,GPT  GROUP,1.698
462,GRAB   HOLDINGS    LTD,833
463,Graphic  Packaging   Holding  Co,2.704
464,Gree  Electric Appliances   Inc,6.344
465,Greentown    Service  Group   Co Ltd,778
466,Griffon  Corp,2.712
467,GROUPE    BRUXELLES    LAMBERT     SA,142
468,Groupe   Eurotunnel   SA,2.654
469,Grupo   Aeroportuario   del CentroV,551
470,Grupo   Aeroportuario   del Pacifi,5.965
471,Grupo   Financiero  Banorte   SAB  d,16.770
472,Grupo   Financiero  Inbursa  SAB  d,211
473,Grupo   Mexico   SAB  de CV,3.289
474,GUIDEWIRE     SOFTWARE     INC,2.034
475,S,8
476,Haleon   PLC,3.889
477,HALLIBURTON      CO,6.764
478,Hamamatsu     Photonics   KK,2.742
479,Hana   Financial Group   Inc,10.070
480,Hankook    Tire Co Ltd,4.290
481,DAVIDSON       INC,1.973
482,Harmony    Gold  Mining  Co  Ltd,588
483,HDFC   LIFE INSURANCE     CO  LTD,6.849
484,HDGF,4 3
485,Healthpeak   Properties   Inc,1.938
486,HEIDELBERGCEMENT        FINANCE,1 3
487,Heineken   Holding   NV,11.725
488,  Payne  Inc,1.698
489,Henderson    Land  Development     Co,2.453
490,Hengan   International  Group   Co,7.077
491,  CO  KGAA,2.394
492,HERMES    INTERNATIONAL,1.458
493,Hero  MotoCorp    Ltd,2.097
494,HERSHEY    CO,1.220
495,Hexagon   AB,171
496,Hilton  Worldwide   Finance,14.629
497,Hindalco   Industries Ltd,5.232
498,Hindustan   Aeronautics   Ltd,9.892
499,Hiscox  Ltd,8.586
500,Hisense  HA,278
501,Hitachi  Construction   Machinery,308
502,Hitachi  Ltd,49.542
503, HKT Ltd,1.827
504,Hoa  Phat  Group   JSC,2.900
505,Hochtief  AG,3
506,Holmen    AB,1.592
507,HOLOGIC    INC,4.692
508,Home   Depot   Inc,35.192
509,Hon  Hai  Precision Industry  Co,13.414
510,Honda   Motor   Co Ltd,4.839
511,Hong   Kong  Exchanges   and  Clearing,6.847
512,Hongfa   Technology   Co  Ltd,4.980
513,Hongkong    Land  Holdings  Ltd,3.419
514,Horiba  Ltd,2.328
515,Hoshizaki  Electric Co  Ltd,735
516, Resorts  Inc,4.797
517,Howmet    Aerospace    Inc,15.603
518,Hoya  Corp,9.633
519,HP  Inc,20.814
520,HSBC   HOLDINGS    PLC,1.727
521,Huatai  Securities Co  Ltd,645
522,Hubbell  Inc,1.774
523,HubSpot   Inc,5.139
524,Hulic Co  Ltd,460
525,Hundsun    Technologies   Inc,166
526,  OH,9.269
527,Hydro   One  Ltd,5.671
528, Energy   Syst,3.774
529,Hyundai   Glovis Co  Ltd,961
530,Hyundai   Heavy  Industries  Co  Ltd,6.842
531, Fire Insuranc,587
532,Hyundai   Mobis,10.333
533,iA Financial Corp  Inc,718
534,IBM  CORP,34.671
535,ICICI Lombard   General   Insuranc,7.344
536,Idex Corp,2.534
537,IG Group   Holdings  PLC,11.487
538,IGM   Financial Inc,1.892
539,Illinois Tool Works  Inc,13.617
540,Illumina  Inc,4.875
541,Indian  Hotels Co  Ltd,5.771
542,Indraprastha   Gas  Ltd,3.683
543,Industrial Bank  Co  Ltd,768
544,Industrial Bank  of Korea,8.150
545,Industrivarden   AB,302
546,Info Edge  India Ltd,13.660
547,INFORMA     PLC,2.884
548,Infosys  Ltd,32.422
549,ING  Groep   NV,1.895
550,Ingenic  Semiconductor    Co  Ltd,2 7
551,"Ingredion  Inc,",5.367
552,Inmode   Ltd,1.222
553,Innogy  SE,2 1
554,INOVANCE,4.701
555,Inpex  Corp,10.895
556,InPost  SA,161
557,INSULET   CORP,401
558,Insurance   Australia Group   Ltd,8.087
559,Intact Financial  Corp,8.365
560,Interactive  Brokers  Group   Inc,4.219
561,Intercontinental   Hotels  Group,3.077
562,IntercontinentalExchange     Inc,2.420
563,Intermediate   Capital  Group  PLC,2.465
564,International  Container   Termin,1.614
565,Intrawest  Resorts  Holdings   Inc,2.092
566,INTUIT  INC,23.031
567,Intuitive Surgical Inc,39.791
568,Ipsen  SA,270
569,Isetan  Mitsukoshi  Holdings   Ltd,1.770
570,Isoftstone  Information   Technol,6 9
571,ISUZU   MOTORS    LTD,825
572,Itau Unibanco   Holding   SA,4.488
573,ITOCHU    Corp,6.601
574,Ivanhoe   Mines  Ltd,1.727
575,JABIL  CIRCUIT  INC,5.753
576,Jack in the Box  Inc,861
577,James   Hardie  Industries SE,5.856
578,Japan  Airlines Co  Ltd,287
579,Japan  Post  Bank  Co Ltd,1.675
580,JAPAN   POST  HOLDINGS     CO  LTD,2.160
581,Japan  Real  Estate Investment   C,2.904
582,Jazz Pharmaceuticals    Plc,5.019
583,Fi Ltd,4.194
584,"JD,COM    INC",16.676
585,s BV,1 4
586,JEREH   GROUP,3 5
587,Jeronimo   Martins  SGPS   SA,25.977
588,JFE HOLDINGS     INC,665
589,JFrog  Ltd,1.187
590,"Jiangsu  Hengrui  Medicine   Co,, Ltd,",4 6
591,Jiangxi Copper   Co Ltd,3 3
592,JINGSHENG,6 2
593,JINKO  SOLAR   CO  LTD,2 7
594, Johnson,44.809
595,Jointown,2 4
596, Co,44.976
597,JS Group   Corp,1.544
598,Julius Baer  Group  Ltd,205
599,"JUMPCAN     PHARMACEUTICAL        CO,, LT",258
600,Juniper  Networks   Inc,3.171
601,JYP Entertainment    Corp,4.178
602,Kajima  Corp,987
603,"Kakaku,com    Inc",10.201
604,Kansai  Paint Co  Ltd,5.200
605,KAO   CORP,8.286
606,Kasikornbank    PCL,16.835
607,KBC  GROEP    NV,238
608,KDDI  Corp,9.441
609,KE  Holdings  Inc,7.246
610,Keisei Electric Railway  Co  Ltd,2
611,Kellanova,4.686
612,Kenvue   Inc,20.186
613,Keppel  Ltd,506
614,B  SHS,3.911
615,KEURIG   DR  PEPPER   INC,1.289
616,Keyence   Corp,23.003
617,KGHM    Polska  Miedz  SA,3
618,Kikkoman    Corp,976
619,Kilroy Realty  Corporation,2.859
620,Clark   Corp,16.075
621,Clark   de  Mexico  SAB  d,4.801
622,L,3.645
623,Kingdom    of Thailand,5.456
624,Kingdom    of the Netherlands,11.092
625,Kingfisher  PLC,2.251
626,Kingsoft  Corp  Ltd,7.046
627,KINGSPAN    GROUP    PLC,3.588
628,Kinross  Gold  Corp,3.249
629,  Co LP,37.131
630,Kleppiere,3.442
631,Bremse    AG,2.886
632,Koc  Financial Services  AS,1.839
633,s Corp,896
634,Koito  Manufacturing    Co Ltd,4.686
635,KOKUSAI    ELECTRIC   CORP,209
636,KONE   OYJ,2 7
637,Koninklijke  Ahold  Delhaize  NV,4.604
638,Koninklijke  DSM   NV,8 6
639,KONINKLIJKE    KPN  NV,8.176
640,Koninklijke  Philips NV,3.853
641,Koninklijke  Vopak   NV,5
642,Korea  Investment   Holdings   Co L,4.373
643,Kose  Corp,2.289
644,The,6.331
645,Kroger  Co,16.563
646,KUBOTA    CORP,7.270
647, Nagel  International  A,2.768
648,Kumba    Iron Ore  Ltd,1.962
649,Kuraray  Co  Ltd,2.115
650,KYOCERA    CORP,1.375
651,Labcorp   Holdings  Inc,3.945
652,LAM   RESEARCH    CORP,2.136
653,LAND   SECURITIES   GROUP    PLC,2.921
654,Lasertec  Corp,1.054
655,Latam   Airlines Group  SA,538
656,LCXX,2 1
657,Legrand   SA,14.722
658,Lenovo   Group  Ltd,26.053
659,Lens  Technology   Co  Ltd,301
660,Liberty   For,6.879
661,Life Healthcare  Group   Holdings,5.443
662,Light Yield Ltd,1.447
663,Lincoln  National  Corp,1.706
664,Linde  AG,177
665,LINDE  PLC,8 7
666,Lion Corp,850
667,LLOYDS   BANK   PLC,19.414
668,Loblaw   Cos Ltd,3.246
669,Loews   Corp,3.260
670,Logitech  International  SA,1 8
671,London   Stock  Exchange   Group   PL,17.551
672,LONZA   GROUP    AG,14.324
673,The,783
674,s  Cos  Inc,11.941
675,LPP  SA,1 1
676,Lululemon   Athletica  Inc,5.601
677,Lundbergforetagen     AB,1.907
678,Lundin  Mining   Corp,144
679,LVMH    Moet  Hennessy    Louis Vuitt,2.419
680,LVMH    Moet  Hennessy    Louis Vuitton,55.953
681,LXJM,331
682,Lyondell  Chemical   Co,2.909
683,T   Bank  Corp,1.732
684,   INC,1.827
685,Macquarie    Group  Ltd,8.529
686,MACROTECH      DEVELOPERS     LTD,668
687,s  Inc,1.991
688,MAKITA    CORP,14.115
689,Manhattan    Associates  Inc,4.263
690,ManpowerGroup,1.416
691,Manulife   Financial Corp,2.138
692,Markel   Corp,5.968
693,MarketAxess    Holdings  Inc,205
694, SPENCER    GROUP    PLC,2.906
695, McLennan     Cos Inc,12.527
696,MARUBENI     CORP,2.628
697,Marvell  Technology    Inc,20.419
698,Mastercard    Inc,51.323
699,Matsumotokiyoshi      Holdings  Co L,5.771
700,Mazda   Motor   Corp,2
701,MCAFEE    INC,8.408
702,s    Corp,7.387
703,McKesson    Corp,13.234
704,MediaTek    Inc,41.723
705,Medibank    Pvt Ltd,3.301
706,Mediobanca,2.439
707,MEDIPAL    HOLDINGS    Corp,812
708,Medtronic   Inc,7.345
709,MEIJI  Holdings  Co  Ltd,814
710,Meituan   Dianping,22.526
711,MercadoLibre    Inc,14.346
712,Mercari   Inc,1.854
713,BENZ       GROUP    AG,210
714," Co,  Inc,",31.536
715,MERCK    KGaA,1
716,Meridian   Energy  Ltd,2.459
717,META   PLATFORMS      INC,207.054
718,Metavante    Technologies   Inc,6.976
719,  Metals  SA,4.579
720,MetLife  Inc,18.345
721,Metro   AG,1 5
722,Metro   Inc,3.155
723, Trust  Co,457
724,Toledo    International  I,5.495
725,MGIC   INVESTMENT     CORP,5.232
726,MGM    RESORTS    INTL,2.734
727,Michelin,33.549
728,MICROCHIP     TECHNOLOGY      INC,2.499
729,MicroStrategy    Inc,1.152
730,Military Commercial    Joint Stoc,1.033
731,Minebea    Co Ltd,807
732,MISUMI    Group   Inc,4.486
733,Mitsubishi  Estate  Co Ltd,4.123
734,Mitsubishi  Heavy   Industries  Lt,5.314
735,Mitsubishi  Rayon   Co  Ltd,735
736, Finance,699
737, Co  Ltd,6.244
738,Mitsui  Chemicals   Inc,3.778
739,Mitsui  Fudosan   Co Ltd,12.761
740,Mitsui  OSK  Lines Ltd,1.619
741,Mitsui  Sumitomo    Insurance  Group   Holdings  Inc,18.628
742,Mixi  Inc,458
743,Mizuho   Bank  Ltd,31.814
744,Moderna    Inc,253
745, Gas  PLC,4.592
746,Molson   Coors  Brewing   Co,7.329
747,"MONDAY,COM        LTD",2.246
748,Money    Forward  Inc,3.571
749,MONGODB      INC,185
750,Monster   Beverage   Corp,1.730
751,Montage    Technology   Co  Ltd,7 9
752,s   Corp,9.702
753,MORGAN      STANLEY,4.304
754,Motorola   Inc,36.897
755,MTU   Aero  Engines  Holding   AG,16.414
756,MUELLER    INDUSTRIES    INC,2.874
757,Muenchener     Rueckversicherungs,7.533
758,MURATA     MANUFACTURING        CO  LTD,19.225
759,Nakanishi   Inc,2.583
760,Namco    Bandai  Holdings  Inc,1.531
761,NANSHAN     ALUMINIUM,327
762,Nasdaq   Inc,1.450
763,Naspers   Ltd,5.104
764,National  Bank  of Australia,9.305
765,National  Bank  of Greece   SA,8.515
766,NATIONAL     GRID  PLC,14.488
767,The,4
768,NCR  Atleos  Corp,1.397
769,NEC  CORP,7.560
770,NEC  ELECTRONICS     CORP,2.741
771,NEPI  Rockcastle  PLC,926
772,Nestle  SA,44.212
773,NetApp   Inc,5.672
774,NetEase   Inc,11.415
775,NetFlix Inc,63.659
776,New   China  Life Insurance  Co Lt,551
777,New   Linde PLC,51.991
778,  Techn,9.422
779,Newmarket     Corp,2.857
780,Newmont     Mining  Corp,641
781,Nexi  SpA,315
782,Nexon   Co Ltd,1.124
783,Nexstar  Broadcasting   Group   Inc,2.682
784,NEXT   PLC,15.755
785,NGK   INSULATORS    LTD,1.732
786,Nibe  Industrier  AB,982
787,Nidec  Corp,4.796
788,Nihon   Kohden   Corp,2.056
789,Nihon   Unisys Ltd,1.352
790,Nippon,3.914
791,Nippon   Express  Holdings  Co  Ltd,790
792,Nippon   Oil Corp,2.011
793,  Sumitomo    Metal,1.991
794, Telephone    C,21.207
795,Nippon   Yusen  Kabushiki,1.971
796,Nissan  Chemical   Industries  Ltd,2.292
797,NISSAN   MOTOR     CO LTD,840
798,Nissin Foods   Holdings  Co  Ltd,689
799,Niterra  Co Ltd,1.361
800,Nitori Co  Ltd,12.574
801,Nitto Denko   Corp,9.978
802,S,95.087
803,Nokia  OYJ,4.621
804,Nomura    International  PLC,11.606
805,Nomura    Real Estate  Master  Fund,9
806,Nomura    Research   Institute Ltd,13.416
807,NORDEA    BANK   ABP,11.804
808,NORFOLK    SOUTHERN      CORP,11.763
809,Northern   Star Resources   Ltd,2.217
810,NORTHERN      TRUST  COMPANY      LONDON,27.026
811,Northern   Trust Corp,566
812,NORTHERN      TRUST  INTERN   BANK,107.259
813,Novartis  AG,18.274
814,Novatek   Microelectronics   Corp,8.089
815,S,503
816,    B,21.311
817,NSK  Ltd,566
818,NTT  Data  Corp,1.552
819,NVR   INC,4.589
820,NXP  Semiconductor     NV,5.405
821,Obayashi   Corp,4.053
822,Obic  Co Ltd,1.819
823,The,797
824,Oesterreichische   Post  AG,1 1
825,film  Tech  Co Ltd,2 0
826,Okamura    Corp,2.892
827,OKTA   INC,157
828,Old  Dominion   Freight  Line Inc,14.652
829,Old  Mutual  Ltd,5.109
830,Old  Mutual  PLC,15.206
831,OLYMPUS     CORP,5.749
832,OMEGA     HLTHCARE    INVESTORS,2.427
833,OMV    AG,6 6
834,Ono  Pharmaceutical    Co  Ltd,1.990
835,OPAP   SA,5.720
836,Oracle  Corp,16.093
837,Orange   SA,4.099
838,Orica  Ltd,1.128
839,Oriental  Land  Co Ltd,3.147
840,ORIENTAL    YUHONG,7 5
841,ORION   OYJ,947
842,ORIX  Corp,16.213
843,ORLEN   SA,158
844,S,3.716
845,Osaka  Gas  Co  Ltd,1.268
846,Osaka  Securities  Exchange   Co  L,8.445
847,Oshkosh   Corp,3.957
848,OUTsurance    Group   Ltd,1.645
849,Chinese    Banking   Corp  L,1.813
850,Owens   Corning   Inc,8.317
851,PALANTIR    TECHNOLOGIES      INC,25.316
852,Palo  Alto Networks   Inc,2.593
853,Panasonic   Corp,2.918
854,S,1 7
855,Parker  Hannifin  Corp,1.170
856,Partners  Group   Holding  AG,4.389
857,PAYCHEX    INC,4.833
858,PayPal  Holdings  Inc,20.141
859,Pearson   Plc,2.278
860,Pegatron   Corp,4.006
861,PENTAIR   INC,2.112
862,PeptiDream    Inc,2.171
863,PERNOD    RICARD,596
864,Pernod   Ricard SA,3
865,Petroleo  Brasileiro SA,4.368
866,Petronet   LNG  Ltd,7.012
867,"Pfizer Inc,",13.984
868,PHARMAESSENTIA       CORP,4.964
869,PHINIA   INC,832
870,The,2.462
871,Pidilite Industries Ltd,3.023
872,Piedmont    Office Realty Trust  I,1.660
873,Ping  An Bank  Co  Ltd,230
874,Ping  An Insurance   Group  Co  of,12.515
875,PLAYTIKA   HOLDING    CORP,1.300
876,   Ltd,1.973
877,Pluxee  France  SA,2.767
878,PNC  Financial  Services Group   I,2.368
879,Pool  Corp,375
880,Pop  Mart  International  Group   L,1.115
881,Porsche   Automobil   Holding  SE,108
882,Pou  Chen  Corp,1.729
883,Powszechny    Zaklad  Ubezpieczen,3.278
884,Poya  International  Co  Ltd,1.846
885,Prada  SpA,1.615
886,Press  Metal  Aluminium    Holdings,332
887,Pro  Medicus   Ltd,4.968
888,  GAMBLE    CO,33.741
889,PROGRESSIVE     CORP,29.965
890,Prologis  LP,2.368
891,Promotora    y Operadora   de  Infra,1.438
892,    Media   SE,1 2
893,PROSUS    NV,22.648
894,Proximus,9 1
895,PRUDENTIAL     PLC,15.510
896,PUBLICIS   GROUP,4.574
897,PULTE   GROUP    INC,16.221
898,Pure  Storage  Inc,324
899,Qantas   Airways  Ltd,663
900,QBE  Insurance   Group   Ltd,2.046
901,QIAGEN    NV,10.551
902,Qimonda    AG,260
903,Qingdao   Haier  Co Ltd,9 6
904,QNB   Finance  Ltd,4.106
905,QUALCOMM       Inc,37.029
906,Quanta   Services  Inc,4.264
907,Quebecor    Inc,390
908,Radian  Group   Inc,4.748
909,Raiffeisen  Bank  International,1.559
910,RAKUTEN     INC,9.117
911,Ranbaxy   Laboratories   Ltd,7.334
912,Randstad   Holding  NV,5 1
913,Range   Technology,199
914,Raymond    James   Financial,813
915,REA  Group   Ltd,830
916,Realtek  Semiconductor     Corp,11.862
917,Reckitt Benckiser   Group  PLC,27.852
918,Recordati  SpA,551
919,Recruit  Holdings  Co  Ltd,49.052
920,Reece  Ltd,763
921,Regeneron    Pharmaceuticals    Inc,2.561
922,Reliance  Industries  Ltd,6.463
923,Rengo   Co Ltd,2.824
924,Repros   Therapeutics   Inc,1.622
925,REPSOL   INTL  FINANCE,120
926,Republic  of India,1.566
927,Republic  of Singapore,9.874
928,Republic  Services  Inc,6.297
929,ResMed    Inc,5.865
930,Resona   Bank  Ltd,15.960
931,Restaurant   Brands  International,256
932,Revvity  Inc,688
933,Rexford   Industrial Realty Inc,5.955
934,RHB  Bank   Bhd,6.321
935,RICOH   CO  LTD,3.321
936,Rinnai  Corp,6.063
937,Rio Tinto  Ltd,10.870
938,Robinhood    Markets   Inc,842
939,ROBLOX    Corp,611
940,  Partners  Stichting Adm,4.040
941,Roche   Holding  AG,56.421
942,Rockchip   Electronics  Co Ltd,4 7
943,DE,10.612
944,Rockwool    International  AS,1.867
945,Rogers  Communications      Inc,179
946,ROHM    CO  LTD,3.529
947,Rollins Inc,3.151
948,ROPER   INDUSTRIES    INC,1.352
949,Ross  Stores Inc,2.426
950,ROYAL   BK  CANADA,3.875
951,Rpm   International  Inc,6.165
952,Ryder  System   Inc,4.423
953,Ryohin  Keikaku   Co Ltd,1.631
954,P  Global  Inc,21.042
955,Safestore  Holdings   PLC,3.962
956,The,3.879
957, PLC,1.876
958,Sally Beauty  Holdings  Inc,2.258
959,Salmar  ASA,3.095
960,Sampo   OYJ,23.716
961,Samsung    Biologics Co  Ltd,4.571
962,Samsung    Electronics  Co Ltd,38.120
963,Samsung    Securities Co  Ltd,1.131
964,SANDOZ    GROUP    AG,365
965,SCI    Corp,2.192
966,Sanofi,37.922
967,SanPaolo   IMI SpA,21.533
968,SANQI   HUYU,247
969,Santander   Bank  Polska  SA,1.736
970,Santen  Pharmaceutical    Co  Ltd,1.058
971,Sanwa   Holdings  Corp,2.978
972,SAP  AG,49.274
973,Japan,13.971
974,SBI Life Insurance  Co  Ltd,6.257
975,SBS  Holdings  Inc,2.502
976,SCHIBSTED    ASA,2.936
977,Schindler  Holding  AG,515
978,Schneider   Electric SA,74.269
979,Scorpio  Tankers  Inc,2.189
980,   SE,8.459
981,SCSK  Corp,695
982,Sea  Ltd,2.238
983,Secom,1.725
984,Seek  Ltd,542
985,Segro  PLC,6.320
986,SEI Investments   Co,571
987,Seibu  Holdings  Inc,5
988,Seiko  Epson  Corp,3.031
989,SEKISUI  CHEMICAL     CO LTD,2.150
990,Sekisui House   Ltd,1.522
991,Semen   Indonesia   Persero  Tbk  PT,1.510
992,SERES  GROUP    CO  LTD,353
993,ServiceNow    Inc,51.247
994,  I Holdings  Co Ltd,18.164
995,SF Holding  Co  Ltd,214
996,SG  Holdings  Co  Ltd,331
997,SGS  SA,3.195
998,Shanghai   Friendess  Electronic,4 1
999,"SHENHUO     CO,LTD",138
1000,Medical  E,6.558
1001,Shenzhen    Transsion  Holdings  Co,107
1002,Williams    Co,17.975
1003,SHIFT  INC,2.451
1004,Shimadzu    Corp,691
1005,Shimamura    Co  Ltd,1.421
1006,Shimano   Inc,1.170
1007,Shimizu  Corp,8.894
1008,ETSU    CHEMICAL    CO  LTD,23.903
1009,Shinhan   Financial Group   Co Ltd,16.118
1010,  Co Ltd,2.242
1011,Shiseido  Co  Ltd,3.484
1012,Shizuoka   Financial Group   Inc,1.868
1013,SHOPIFY   INC,7.123
1014,Shriram   Finance  Ltd,4.444
1015,Shutterstock   Inc,1.438
1016,The,3.313
1017,Siemens   AG,55.195
1018,Sika AG,2
1019,Silergy Corp,2.116
1020,S,2 3
1021,SINGAPORE     EXCHANGE     LTD,1.113
1022,Singapore   Technologies   Engineering,3.388
1023,Sino  Land Co  Ltd,747
1024,SIRIUS  XM  HOLDINGS     INC,1.711
1025,SITC International   Holdings  Co,1.812
1026,SK Square   Co Ltd,3.694
1027,Skylark  Co Ltd,893
1028,Skyworks   Solutions  Inc,1.730
1029,  Gordon   Ltd,885
1030,SM  Investments    Corp,3.524
1031,Smith  International  Inc,17.730
1032,SNAP   INC,253
1033,Socionext   Inc,1.450
1034,Sodexo,11.587
1035,Sofina  SA,1.550
1036,Sohgo   Security Services  Co Ltd,1.442
1037,Solvay  SA,3 3
1038,SOLVENTUM      CORP,320
1039,Sompo    Holdings  Inc,7.715
1040,Sonae,3
1041,Sonic  Healthcare  Ltd,1.060
1042,SONOCO     PRODUCTS    CO,2.632
1043,Sonova   Holding  AG,318
1044,Sony  Financial  Holdings  Inc,61.386
1045,SooChow    Securities  Co Ltd,5 5
1046,   Ltd,2.652
1047,Southwest    Airlines Co,5.066
1048,Norge  ASA,2
1049,SPD  BANK,167
1050,Spectra  Systems   Corp,473
1051,Spectrum   Brands   Holdings  Inc,1.485
1052,Splendid  Steed  Investments    Ltd,3.310
1053,Spotify  Technology   SA,36.057
1054,Square  Inc,4.278
1055,Standard   Bank  Group   Ltd,10.254
1056,Standard   Chartered   PLC,14.651
1057,"  Decker  Inc,",11.225
1058,Stanley  Electric Co Ltd,1.077
1059,Stantec  Inc,5.996
1060,Starbucks   Corp,1.661
1061,Start Today  Co  Ltd,751
1062,State Bank   of India,5.644
1063,State of Qatar,565
1064,STATE   STREET  CORP,9.649
1065,Stellantis NV,427
1066,Stockland,2.888
1067,Strabag  SE,1
1068,Stryker  Corp,4.541
1069,Sumber   Alfaria Trijaya Tbk  PT,3.261
1070,Sumitomo    Corp,2.744
1071,Sumitomo    Electric Industries  L,5.248
1072,Sumitomo    Forestry  Co  Ltd,8.305
1073,Sumitomo    Metal  Mining   Co Ltd,5.239
1074,Sumitomo    Mitsui  Banking  Corp,37.581
1075, Development,1.084
1076,Sun  Life Financial Inc,3.354
1077,Metway      Ltd,2.483
1078,Sundrug   Co  Ltd,2
1079,Sungrow    Power  Supply  Co  Ltd,7
1080,SUNNY    OPTICAL,5.577
1081,  Food  Ltd,767
1082,Sunwoda    Electronic  Co Ltd,149
1083,Super  Micro  Computer    Inc,1.265
1084,Supreme    Industries Ltd,2.015
1085,Suzuki  Motor   Corporation,16.349
1086,Svenska   Handelsbanken    AB,1.469
1087,Swatch   Group  AG,3 5
1088,The,3 5
1089,Swiss  Prime  Site AG,4.736
1090,Swiss  Re AG,9
1091,Symrise  AG,23.400
1092,SYNNEX    Corp,4.151
1093,Synopsys   Inc,8.629
1094,Sysmex   Corp,7.176
1095,T Rowe   Price Group   Inc,1.056
1096,D   HOLDINGS    INC,1.124
1097,Taisei Corp,731
1098,Taiwan   Semiconductor    Manufacturing,241.295
1099,Taiyo  Nippon   Sanso  Corp,6.146
1100,Takeda   Pharmaceutical    Co Ltd,27.214
1101,TWO     INTERACTIVE    SOFTWARE,7.885
1102,Tandberg   Television  ASA,4.898
1103,Target  Corp,6.515
1104,"Tata  Consultancy   Services Ltd,",32.743
1105,TC  Energy  Corp,1 8
1106,TD  Bank  US  Holding  Co,1.279
1107,TDK  CORP,22.229
1108,TE CONNECTIVITY      PLC,13.862
1109,Tech  Mahindra    Ltd,9.868
1110,Techne   Corp,805
1111,Techtronic   Industries Co,3.823
1112,TEGNA    Inc,2.158
1113,  AB,10.889
1114,Telecom   Corp  of New   Zealand  Lt,591
1115,Telecom   Italia Spa,10.688
1116,Telefonica  Brasil SA,6.543
1117,TELEFONICA    EUROPE    BV,3.804
1118,TELEKOM     MALAYSIA    BHD,2.752
1119,SP     ADR,7.876
1120,TELENET   GROUP    HOLDING    NV,1 4
1121,TELENOR    ASA,2.139
1122,Telia Company    AB,2.111
1123,TELSTRA   CORP   LTD,3.687
1124,Temp   Holdings  Co  Ltd,1.134
1125,Tenaris  SA,7.768
1126,Tencent   holdings  ltd,96.027
1127,TERADYNE     INC,837
1128,TERNA   SPA,11.965
1129,TERUMO     CORP,3.671
1130,TESCO   PLC,17.933
1131,Texas  Instruments   Inc,13.355
1132,TFC,4 6
1133,THAI  OIL PCL,621
1134,The  Hartford  Insurance   Group  Inc,32.909
1135,The  Weir  Group   Plc,7.678
1136,Thermo    Fisher Scientific Inc,30.275
1137,THK  Co  Ltd,7.489
1138,Thomson    Reuters  Corp,5.942
1139,Timken   Co,1.496
1140,Tingyi Cayman    Islands Holding,9.924
1141,TJX COMPANIES      INC,5.244
1142,TLYS,5 5
1143,TMB   Bank  PCL,825
1144,Mobile   US Inc,11.538
1145,TMX   Group   Inc,1.954
1146,Toast  Inc,552
1147,Tokyo,999
1148,TOKIO   MARINE    HOLDINGS    INC,36.666
1149,Tokyo  Broadcasting    System  Hold,5.504
1150,Tokyo  Electron  Ltd,27.983
1151,Tokyo  Gas  Co  Ltd,4.778
1152,Tokyu  Corp,634
1153,TongFu   Microelectronics   Co  Ltd,3 4
1154,Toppan   Printing  Co Ltd,2.723
1155,Topsports   International  Holdin,551
1156,TORAY   INDUSTRIES    INC,1.116
1157,Toyota  Industries  Corp,1.860
1158,Toyota  Motor   Corp,45.802
1159,Toyota  Tsusho   Corp,7.006
1160,Tractor  Supply  Co,3.271
1161,The,1.078
1162,Tradeweb    Markets   Inc,18.358
1163,Trane  Inc,1.021
1164,Trane  Technologies   plc,21.668
1165,TransUnion,13.782
1166,Transurban   Group,5.794
1167,TRAVELERS    COS  INC,10.891
1168,Treasury  Wine   Estates Ltd,716
1169,Trend  Micro   Inc,3.364
1170,Trent  Ltd,6.411
1171,Trimble  Navigation   Ltd,2.883
1172,Trina Solar  Co Ltd,4 3
1173,"Trip,com   Group  Ltd",14.494
1174,True  Corp  PCL,3.314
1175,Truist Financial  Corp,3.059
1176,S,3.038
1177,Tsuruha   Holdings  Inc,1.005
1178,First   Century  Fox  Inc,9.226
1179,UBER   TECHNOLOGIES      INC,2.884
1180,UBS  Group   AG,14.040
1181,UCB  SA,6.392
1182,UGI  Corp,3.353
1183,  Fragran,4.760
1184,Ultratech  Cement    Ltd,4.214
1185,Unicharm    Corp,6.394
1186,UniCredit  SpA,16.013
1187,Unilever  PLC,13.720
1188,Union   Pacific Corp,11.221
1189,UnionBanCal    Corp,46.375
1190,Uniqa  Insurance   Group   AG,1 1
1191,UNITED   AIRLINES   INC,6.348
1192,United  Internet  AG,3
1193,United  Parcel  Service Inc,11.633
1194,UNITED   RENTALS    NORTH    AM,1.778
1195,United  Therapeutics   Corp,3.987
1196,Unitedhealth   Group   Inc,51.073
1197,Uniti Group   Inc,848
1198,Universal  Health  Services  Inc,4.141
1199,Universal  Music  Group   BV,15.849
1200,Universal  Robina   Corp,977
1201,Unum    Group,6.390
1202,UPL  Ltd,15.372
1203,KYMMENE,2.890
1204,US  BANK   NA,9.311
1205,USISH,208
1206,Veeva   Systems  Inc,4.972
1207,VERALTO    CORP,3.565
1208,VeriSign  Inc,3.495
1209,Verisk  Analytics Inc,19.059
1210,Verizon  Communications,27.812
1211,VERTEX   PHARMACEUTICALS        INC,12.572
1212,Vertiv Holdings   Co,14.305
1213,S,7.651
1214,VGT,127
1215,Viatris Inc,4.974
1216,Vibra  Energia  SA,6.053
1217,Vicinity Centres,3.604
1218,Vinci SA,8.216
1219,Vipshop   Holdings  Ltd,676
1220,Visa Inc,66.228
1221,Vodacom    Group   Ltd,7.704
1222,Vodafone    Group  PLC,3.433
1223,VOESTALPINE     AG,5
1224,Volcan  Investments    Ltd,9.904
1225,Volkswagen    AG,152
1226,Voltronic  Power   Technology   Cor,384
1227,Voya  Financial  Inc,3.304
1228,VULCAN    MATERIALS    CO,12.660
1229,DE,7.869
1230,Walgreens    Boots  Alliance Inc,644
1231,MART      STORES   INC,30.663
1232,Walt  Disney  Co,14.361
1233,Want   Want   China Holdings   Ltd,5.481
1234,Warehouses     De Pauw   CVA,1.979
1235,Warner   Bros  Discovery  Inc,5.412
1236,Waters   Corp,1.229
1237,Weichai   Power  Co  Ltd,11.821
1238,Weigao   Holding  Co  Ltd,1.050
1239,Welcia  Holdings   Co Ltd,684
1240,Wesfarmers    Ltd,12.423
1241,West   Japan Railway   Co,5.302
1242,West   Pharmaceutical   Services  I,650
1243,WESTERN     DIGITAL  CORP,6.427
1244,Western   Mining   Co Ltd,202
1245,Western   Superconducting     Techno,1 8
1246,Westfield  Corp,1.952
1247,Westpac   Banking   Corp,7.968
1248,WEYERHAEUSER       CO,20.430
1249,WHA    Corp PCL,1.329
1250,Whirlpool   Corp,3.383
1251,WHITBREAD      PLC,9.564
1252,Wiener   Syaedtische   Wechselseit,1 0
1253,Will Semiconductor     Ltd,311
1254,WILLIAMS    COS  INC,13.401
1255,Willis Towers   Watson   PLC,1.788
1256,Wingtech   Technology    Co Ltd,129
1257,WISE  PLC,2.580
1258,WiseTech    Global Ltd,1.455
1259,"Wix,com    Ltd",4.489
1260,Wolters   kluwer  NV,39.420
1261,WOODSIDE     ENERGY    GROUP    LTD,4.995
1262,Woolworths    Limited,6.038
1263,Woori   Financial Group   Inc,9.864
1264,Workday    Inc,4.541
1265,WPP   PLC,1.747
1266,WR   Berkley  Corp,2.748
1267,WuXi   AppTec   Co Ltd,149
1268,WW    GRAINGER    INC,6.786
1269,Xero  Ltd,5.277
1270,Xerox  Corp,1.582
1271,  D Inc,117
1272,Xiaomi  Corp,8.023
1273, Te,9 9
1274,NY,15.696
1275,Yadea  Group   Holdings  Ltd,1.837
1276,Yageo  Corp,7.412
1277,   Inc,6.238
1278,Yakult  Honsha,12.049
1279,Yamada    Denki  Co Ltd,1.080
1280,YAMAHA     CORP,4.002
1281,Yamaha    Motor  Co  Ltd,848
1282,Yaskawa   Electric Corp,4.549
1283,YEALINK   NETWORK,257
1284,Yokogawa    Electric Corp,4.428
1285,The,694
1286,Youngor   Group   Co Ltd,4 2
1287,YTO  Express  Group   Co  Ltd,3 4
1288,Yue  Yuen  Industrial Hldg,3.089
1289,Yum   China  Holdings  Inc,11.702
1290,Yunnan   Baiyao  Group   Co Ltd,4 3
1291,Yunnan   Tin Co  Ltd,100
1292,Yunnan   Yuntianhua   Co  Ltd,467
1293,Zensho   Co Ltd,634
1294,Zhejiang  Dingli,139
1295,Zhongji  Innolight  Co Ltd,7
1296,ZILLOW   INC,176
1297,ZIM  Integrated  Shipping   Servic,6 6
1298,Zimmer   Biomet   Holdings  Inc,15.399
1299,Zions  Ban  Corp,3.542
1300,Zoetis Inc,3.700
1301,Zomato   Ltd,1.509
1302,Zon  Optimus   SGPS  SA,5
1303,Zoom   Video  Communications      Inc,6.867
1304,ZSCALER   INC,3.344
1305,ZTE  Corp,725
1306,ZTT,266
1307,Zurich  Insurance  Group   AG,512
1308,Federal  Republic  of Germany,4 .454.269
1309,Staat der  Nederlanden,4 .382.489
1310,South  Africa Government     Bond,127.107
1311,Czech  Republic  Government     Bond,115.647
1312,Malaysia  Government     Bond,98.996
1313, ,888
1314,AA BOND    CO  LTD,2.762
1315,AAR  Corp,1.916
1316,AbbVie  Inc,6.701
1317,Abertis Infraestructuras,5.366
1318,ABN  AMRO    Bank  NV,21.650
1319,ACADEMY     LTD,5.048
1320,ACADIA   HEALTHCARE     CO  INC,5.086
1321,ACCO   Brands  Corp,5.162
1322,Accor  SA,2.076
1323,ACCORINVEST     GROUP    SA,3.392
1324,ACEF  HOLDING    SCA,1.539
1325,Achmea   Hypotheekbank     NV,4.461
1326,ACTION   LOGEMENT     SERVICES,3.827
1327,ACTION   NEDERLAND,2.067
1328,ACUSHNET    CO,2.497
1329,Adient  Plc,703
1330,ADIF Alta  Velocidad,2.950
1331,ADLER  FINANCING     SARL,3.110
1332,ADLER  Real  Estate AG,195
1333,Adp,3.600
1334,ADRIA  BIDCO   BV,11.675
1335,ADT  CORP,1.352
1336,ADVANZ    PHARMA     CORP  LTD,1.019
1337,Advent  International,2.840
1338,ADVOCATE     HEALTH   CORP,2.456
1339,AEDAS   HOMES    OPCO   SLU,752
1340,AerCap  Holdings   NV,2.322
1341,Aeroporti  di Roma   Spa,2.089
1342,Aetna  Inc,1.011
1343,Agence  Francaise  de  Developement,2.357
1344,Aggreko  PLC,5.937
1345,AHEAD   DB  HOLDINGS    LLC,1.341
1346,AHS  HOSPITAL   CORP,1.388
1347,AIA Group   Ltd,4.607
1348,Air Canada,3.976
1349,Aircastle Ltd,958
1350,Aker BP  ASA,10.375
1351,ALCON   FINANCE   CORP,1.874
1352,Alexandria  Real Estate,9.271
1353,ALGONQUIN     POWER    CO,3.530
1354,Alliander Finance  BV,6.756
1355,"Allianz Finance  II B,V,",1.686
1356,ALLIED  IRISH BANKS   PLC,9.939
1357,ALLIED  UNIVERSAL    HOLDCO,11.636
1358,ALLY FINANCIAL    INC,4.390
1359,ALPHA   GENERATION     LLC,5.598
1360,Alstom  SA,748
1361,ALTA  EQUIPMENT     GROUP,2.038
1362,ALTICE  FRANCE   SA,4.590
1363,AMBER    FINCO  PLC,4.744
1364,AMC   NETWORKS     INC,13.385
1365,AMER   SPORTS   COMPANY,3.426
1366,AMERICAN     AIRLINES,2013
1367,AMERICAN     APP  INC,4.120
1368,American   Express  Bk Fsb,6.446
1369,American   Homes,4
1370,American   Tower   Corp,11.448
1371,AMFAM    HOLDINGS     INC,1.821
1372,Amgen   Inc,8.963
1373,AMN   HEALTHCARE     INC,2.855
1374,Amphenol    Corp,241
1375,AMPRION    GMBH,16.426
1376,AMSTED    INDUSTRIES,2.980
1377,AMWINS    GROUP    INC,7.593
1378,"ANCESTRY,COM      INC",4.859
1379,ANGLIAN    WATER   OSPREY    FIN,5.588
1380,Anheuser   Busch  InBev  NV,7.257
1381,ANTARES    HOLDINGS,4.977
1382,ANTOFAGASTA      PLC,3.256
1383,Aon  Corp,3.513
1384,APA  Group,1.975
1385,Apollo Swedish   Bidco  AB,3.497
1386,APPF  COMMERCIAL      FINAN,1.122
1387,APPLIED  SYSTEMS    INC,4.728
1388,Aptiv PLC,900
1389,ARAMARK     SERVICES   INC,7.878
1390,Arcadis NV,1.630
1391,ARCH  COAL   INC,2.853
1392,Arconic  Inc,12.680
1393,ARDAGH    GLASS   FINANCE,7.630
1394,ARDAGH    METAL   PACKAGING,8.690
1395,ARDONAGH      FINCO  LTD,10.122
1396,Ares Capital Corp,1.563
1397,ARES  FINANCE   CO  II LLC,1.085
1398,ARGENTA    SPAARBANK,502
1399,Aroundtown    SA,1.942
1400,ARROW    GLOBAL    FINANCE,2.301
1401,ASBURY   AUTOMOTIVE      GROUP,979
1402,Ascend  learning  llc,700
1403,Ascension  health,863
1404,ASGN   INCORPORATED,2.631
1405,ASHLAND    INC,6.241
1406,ASHTEAD    CAPITAL   INC,935
1407,ASK  CHEM   DE  HOLD   GMBH,1.674
1408,ASMODEE     GROUP   AB,1.875
1409,Asr Nederland   Nv,5.280
1410,"Asset Management      Co S,p,A,",1.773
1411,ASSUREDPARTNERS       INC,2.102
1412,ASTON   MARTIN    CAPITAL   LTD,6.982
1413,"Asurion,  LLC",13.934
1414,ATHENE   HOLDING    LTD,1.722
1415,Atlantia SpA,5.391
1416,ATLANTICA    SUSTAIN   INFRA,4.841
1417,Atmos  Energy   Corp,2.132
1418,Auris Luxembourg    III Sarl,1.086
1419,Australia Government     Bond,16.299
1420,Autodesk   Inc,386
1421,Autodis  SA,1.493
1422,AUTONATION      INC,3.622
1423,Autozone   Inc,1.622
1424,AVAGO    TECHNOLGIES     CAYMA,9.075
1425,AVANGRID    INC,15.955
1426,AVANTOR    FUNDING     INC,3.082
1427,AVIATION   CAPITAL   GROUP,1.303
1428,Avient Corp,3.447
1429,Brasil Bolsa Balcao,481
1430,AYVENS   SA,2.380
1431,AZELIS  FINANCE   NV,4.775
1432,AZORRA    FINANCE,6.434
1433,Back office,6.679
1434,BANC   OF AMERICA    FUNDING     CORPOR,1 3
1435,Banca  Monte   dei Paschi  di Sien,2.766
1436,"Banco  Bilbao  Vizcaya  Argent, SA",2.765
1437,Banco  Comercial   Portugues   SA,1.030
1438,Banco  de  Sabadell SA,12.100
1439,Banco  Espirito Santo  SA,247
1440,Banco  General  Sa,190
1441,Banco  Santander   SA,31.543
1442,BANIJAY   ENTERTAINMENT,1.800
1443,"Bank  Nederlandse   Gemeenten     N,V",9.601
1444,Bank  of America  Corp,71.573
1445,BANK   OF IRELAND,6.310
1446,Bank  of Montreal,3.166
1447,Bank  Of New   York Mellon,189
1448,Bank  of Nova  Scotia,3.231
1449,Bankinter  SA,2.836
1450,Banque   Federative  Credit Mutuel,22.913
1451,Barcardi Ltd,663
1452,BARCLAYS    BANK   PLC,18.731
1453,Barrick Gold  Corp,1.970
1454,BARRY   CALLEBAUT    SVCS  NV,3.015
1455,Bausch  Health  Cos  Inc,14.574
1456,BAY  AREA  CA  TOLL  AUTH   TOLL  BRI,1.578
1457,BAYCARE    HEALTH   SYSTEM,243
1458,BCP  MODULAR     SERVICES,5.186
1459,BEACON    ROOFING    SUPPLY   IN,779
1460,Becton  Dickinson,1.654
1461,BELDEN   INC,952
1462,BELFOR   HOLDINGS    INC,1.337
1463,BELL CANADA,1.918
1464,BELLIS FINCO   PLC,8.992
1465,BELLRING   BRANDS    INC,6.241
1466,BELRON,3.741
1467,BENTELER   INTERNATIONAL      A,303
1468,Berkeley  Group  Holdings   PLC,587
1469,BERKSHIRE   HATHAWAY      ENERG,624
1470,BERRY  PLASTICS   CORP,6.771
1471,BERTRAND    FRANCHISE,368
1472,BEVCO   LUX  SARL,3.573
1473,BIOCON   BIOLOGICS    GLOBAL,3.081
1474,Blackrock  Inc,384
1475,BLACKSTONE     CQP  HOLDCO    LP,7.700
1476,Blackstone  Holdings   Fina,1.893
1477,BLACKSTONE     PP EUR   HOLD,8.710
1478,BLACKSTONE     PRIVATE   CRE,3.706
1479,BLOCK   COMMUNICATIONS        INC,5.224
1480,BLUE  OWL   CREDIT   INCOME,2.376
1481,BLUE  OWL   FINANCE   LLC,1.730
1482,BLUELINX   HOLDING,4.662
1483,BNP  Paribas,42.349
1484,Boardwalk   Pipelines  Llc,5.285
1485,BOE  MERGER    CORP,3.536
1486,Boels Topholding   BV,1.559
1487,BOMBARDIER      INC,11.432
1488,Booking  Holdings   Inc,2.105
1489,Boral Ltd,1.215
1490,Boston  Properties  LP,2.913
1491,BOSTON    SCIENTIFIC  CORP,3.477
1492,Boston  University,879
1493,BP Captial Markets   PLC,11.167
1494,BPCE  Home   Loans  FCT,2.315
1495,Bpce  Sa,15.126
1496,BRACKEN    MIDCO   ONE,1.322
1497,BRANICKS   Group   AG,856
1498,BREAD   FINANCIAL   HLDGS,7.675
1499,Brenntag  AG,1.779
1500,Brinker International  Inc,1.722
1501,Bristol Myers  Squibb  Company,5.508
1502,BRITISH  AIRWAYS    PLC,2.941
1503,British Columbia   Province  oF,2.025
1504,British Telecommunications     PLC,2.381
1505,BRIXMOR    LLC,8.641
1506,BROADSTONE      NET  LEASE  LLC,1.705
1507,BUBBLES   BIDCO   SPA,1.588
1508,Buckeye  Partners   LP,9.031
1509,BUILDING   MATERIALS     CORP,3.037
1510,Bumper,2
1511,BURBERRY    GROUP    PLC,4.939
1512,BURFORD    CAPITAL   PLC,8.727
1513,Cable One   Inc,4.713
1514,CABLEVISION    LIGHTPATH,6.970
1515,CABOT   FINANCIAL    LUX SA,1.614
1516,CADENT   FINANCE    PLC,5.340
1517,CADILLAC   FAIRVIEW    PRP  TR,5.246
1518,CAESARS   ENTERTAINMENT       OP,12.723
1519,Caixabank,21.942
1520,Cajamar  Caja  Rural SCC,1.530
1521,CALDERYS   FINANCING     LLC,3.632
1522,California Institute of Technology,357
1523,CALIFORNIA    ST,3.499
1524,CALPINE   CORP,13.719
1525,CALRIV  SCI HLD  CORP,2.426
1526,Canadian   National  Railway  Co,1.179
1527,CANPCK,8.386
1528,CANTOR    FITZGERALD    LP,4.638
1529,Capital One  Bank  Usa  Na,6.839
1530,CARE  BIDCO   SAS,1.594
1531,Carnival Corp,16.462
1532,Carrefour  SA,1.515
1533,Cas Depositi  E Prestiti,1.092
1534,Cascades  Inc,3.636
1535,Cassa di Risparmio   di Parma  e Piacenza   SpA,2.625
1536,CASTLE  UK  FINCO   PLC,2.056
1537,Catalyst Paper  Corp,1.279
1538,CATAWBA     NATION   GAMING     AU,3.144
1539,Catholic Health  Initiati,787
1540,CBRE  GI OPEN   END  FUND,6.281
1541,CBRE  SERVICES   INC,713
1542,CDK  GLOBAL   INC,17.465
1543,CDW   CORP,7.103
1544,CEETRUS   SA,1.919
1545,CELANESE   US  HOLDINGS    LLC,3.110
1546,CELLNEX   TELECOM,3.417
1547,CENGAGE    LEARNING    HLDGS   II INC,889
1548,CENTRAL   NIPPON    EXPRESSWY,4.006
1549,CF Industries  Inc,3.167
1550,CGI INC,918
1551,CHAMPIONS     FINANCING     INC,4.554
1552,CHANEL   CERES   PLC,2.579
1553,Charles Schwab    Corp,1.099
1554,Chart Industries  Inc,9.349
1555,CHEPLAPHARM      ARZNEIMITTEL,4.977
1556, ,7.465
1557,Chorus  Ltd,954
1558,Chubb  Corporation,5.194
1559,Churchill Downs   Inc,5.809
1560,CINEMARK    USA   INC,13.068
1561,Cineworld   Group  PLC,6.866
1562,Citigroup Global  Markets   Ltd,219
1563,Citigroup Inc,49.665
1564,CITIGROUP    MORTGAGE      LOAN   TRUST,7
1565,Clean Harbors   Inc,2.540
1566,CLEAR  CHANNEL     WORLDWIDE,5.058
1567,CLEARWAY     ENERGY   OPERATIN,9.908
1568,CLYDESDALE    ACQUISITION,2.707
1569,Cma  Cgm   Sa,993
1570,CNP  Assurances,2.936
1571,CNTL  AMR   BOTTLING    CORP,4.064
1572,COGENT    COMMUNICATIONS        HO,5.101
1573,COLONIAL    PIPELINE  CO,5.436
1574,Columbia   Pipeline Group   Inc,7.560
1575,COLUMBIA     UNIVERSITY,497
1576,Comcast   Cable  Comm   Hldgs,10.271
1577,Comerica   Bank,1.456
1578,Commerzbank     AG,18.140
1579,Commonwealth      Bank  Australia,2.183
1580,COMMSCOPE      TECH   FINANCE   L,3.133
1581,COMPASS    DIVERSIFIED    HOLD,5.926
1582,COMPOSITE     RESINS  SUBHOLD,2.687
1583,Comunidad    De  Madrid,1.755
1584,CONCENTRA     INC,1.191
1585,CONDOR    MERGER     SUB  INC,1.217
1586,CONNECT    FINCO   SARL,4.425
1587,CONNECT    PLUS  ISSUER,412
1588,CONSOLIDATEC      COMM    FIN CO,4.006
1589,CONSOLIDATED      EDISON   INC,1.511
1590,CONSOLIDATED      ENERGY   FIN,505
1591,CONSTELLATION      BRANDS    INC,660
1592,CONSTELLIS   HOLDINGS     LLC,4.352
1593,CONSTELLIUM     NV,8.577
1594,Corebridge   Financial Inc,1.763
1595,CoStar  Group  Inc,941
1596,Coty Inc,6.376
1597,Council of Europe   Development     Bank,1.643
1598,COUNTRYWIDE      ALTERNATIVE     LOAN   T,147
1599,Covanta  Holding   Corp,2.243
1600,Coventry  Building  Society,7.629
1601,Cox Communications      Inc,6.524
1602,CPI Property  Group   SA,2.684
1603,CPUK  FINANCE    LTD,246
1604,CREDIT  ACCEPTANC,6.502
1605,Credit Agricole  Covered   Bonds,1.629
1606,CREDIT  AGRICOLE    SA,27.442
1607,CRELAN   SA,9.772
1608,Crescent  Point Energy   Corp,2.426
1609,Crocs Inc,5.355
1610,CROMWELL     EREIT  LU  FINCO,2.971
1611,CROWN    CASTLE   INTL CORP,7.792
1612,CROWN    CASTLE   TOWERS    LLC,1.021
1613,Ichi Mutual  Life,2.650
1614,CSC HOLDINGS     LLC,10.183
1615,Csn Islands Xi Corp,4.261
1616,CTP NV,2.758
1617,CULLINAN    HOLDCO,1.964
1618,Cvent  Inc,5.494
1619,CVS Health  Corp,9.256
1620,Dana  Holding  Corp,2.601
1621,DARLING   INGREDIENTS     INC,6.103
1622,DAVITA   HEALTHCARE     PARTNE,6.827
1623,"De Volksbank   N,V,",19.972
1624,DECK  CHASSIS   ACQ  INC,3.033
1625,Delta Air Lines,5.281
1626,DELUXE   CORP,8.716
1627,Denso  Corp,1.824
1628,DEUCE   FINCO,3.508
1629,Deutsche   Ann  Fin BV,9.553
1630,Deutsche   Bahn  Finance  BV,8.259
1631,Deutsche   Bank  AG,37.233
1632,Deutsche   Boerse  AG,1.487
1633,Deutsche   Telekom   AG,1.710
1634,Diageo  PLC,1.762
1635,Diebold  Inc,3.891
1636,Digital Realty Trust Lp,12.394
1637,DISH  DBS  CORP,13.115
1638,DnB  ASA,9.871
1639,DRAWBRIDGE      SPEC  OPPOR   FU,1.903
1640,Drax Group   PLC,2.158
1641,DS Smith  PLC,1.789
1642,DSB,1.780
1643,Dufry AG,8.527
1644,DUKE  UNIVERSITY    HEALTH,381
1645,DUOMO     BIDCO  SPA,1.688
1646,DYNAMO     NEWCO    II GMBH,5.414
1647,EAST  JAPAN   RAILWAY    CO,6.755
1648,ECO  MATERIAL    TECH   INC,4.179
1649,EDGE  FINCO   PLC,4.992
1650,Edgewell  Personal  Care  Co,5.330
1651,Edison  International,18.651
1652,EIRCOM   FINANCE    DAC,6.030
1653,Elastic NV,2.343
1654,ELECTRICITE   DE FRANCE,21.358
1655,ELEVANCE    HEALTH   INC,14.236
1656,Elia Transmission  BE,1.377
1657,Elior SCA,1.637
1658,Elis SA,516
1659,ELO  SACA,3.105
1660,EMERALD    DEBT   MERGER,8.893
1661,EMPIRE   COMMUNITIES      CORP,6.457
1662,ENBW   International  Finance   BV,14.235
1663,Encompass    Health  Corp,6.619
1664,ENDO   HEALTH   SOLUTIONS     IN,6.734
1665,Enel SpA,12.073
1666,EnergySolutions   Inc,9.601
1667,EnerSys,2.056
1668,Engie,21.982
1669,ENGINEERING     SPA,975
1670,Eni SpA,10.354
1671,Enlink Midstream    Partner,1.587
1672,ENTERCOM     MEDIA   CORP,3.073
1673,Enterprise  Rent  A Car USA  Finance   Company,5.367
1674,Entertainment   Properties,1.811
1675,EON  AG,15.836
1676,EPH  FIN INTERNATIONAL      AS,1.296
1677,EPHIOS  SUBCO    SARL,3.101
1678,EPIROC  AB,1.473
1679,EQT  AB,6.077
1680,EQT  MIDSTREAM     PARTNERS     L,3.631
1681,Equifax Inc,3.069
1682,Equinix Inc,5.429
1683,Equinor  ASA,1.645
1684,"EQUIPMENTSHARE,COM          INC",17.104
1685,Eroski S Coop,1.768
1686,Erste Bank  der Oestereichische    Sparkassen,974
1687,ETSA  UTILITIES  FINANCE,797
1688,Eurofima,5.628
1689,Eurofins Scientific,5.553
1690,Eurogrid  GMBH,25.705
1691,EUROPCAR     GROUPE    SA,1.334
1692,European   Union,75.601
1693,Europese   Investeringsbank,65.937
1694,Eutelsat SA,1.024
1695,Everest Re  Group   Ltd,3.054
1696,Everi Payments   Inc,11.069
1697,Exelon  Corp,4.413
1698,Experian  Finance  PLC,734
1699,Exxon  Mobil  Corp,1.110
1700,EYECARE   PARTNERS    LLC,1.285
1701,FABBRICA   ITA  SINTETICI,2.745
1702,Fairfax Financial Holdings  Ltd,11.388
1703,Fannie  Mae,56.374
1704,Fastighets AB  Balder,2.964
1705,FAURECIA,16.400
1706,FERGUSON     ENTERPRISES    INC,4.224
1707,FERGUSON     FINANCE   PLC,1.561
1708,Ferrovie Dello  Stato,5.660
1709,FHLMC   Multifamily   Structured  P,1.621
1710,"Fibercop  S,P,A,",18.032
1711,Fifth Third Ban  Corp,3.982
1712,Fingrid OYJ,3.893
1713,FIRE BC  SPA,727
1714,FIRST BRANDS    GROUP    LLC,9.657
1715,First Cash Financial Sercives,3.510
1716,First Industrial Realty Trust,146
1717,First Quantum   Minerals   LTD,4.489
1718,Flemish  Community,2.315
1719,FLORIDA   ST HURRICANE     CATASTROP,3.153
1720,Flowserve  Corp,728
1721,FLUTTER   TREASURY    DAC,1.283
1722,Fluviu System  OP,6.262
1723,FMC  Corp,6.960
1724,FMC  FINANCE    VII SA,3.092
1725,FMG   RESOURCES    AUG,2006
1726,FONCIA   MANAGEMENT        SASU,3.711
1727,FORD  MOTOR     COMPANY,42.075
1728,Fortum  OYJ,2.364
1729, ,8.076
1730,FREEDOM    MORTGAGE      CORP,11.663
1731,French  Republic  Government,3.594
1732,FRESSNAPF    HOLDING    SE,4.653
1733,FRONTIER   COMMUNICATIONS,8.519
1734,FS KKR  CAPITAL   CORP,555
1735,GAMENET     SPA,7.566
1736,GARDEN    SPINCO   CORP,3.863
1737,GARRETT    BORROWING      LLC,7.847
1738,GATWICK    AIRPORT   FINANCE,1.192
1739,General  Electric Co,4.137
1740,General  Mills Inc,852
1741,GENERAL    MOTORS    FINL  CO,24.159
1742,GENON    ENERGY   INC,5.768
1743,Genuine   Parts Co,1.579
1744,GEORGETOWN       UNIVERSITY,2.612
1745,GFL Environmental    Inc,8.204
1746,Gilead Sciences  Inc,3.736
1747,GLOBAL   ATLANTIC    FIN CO,1.660
1748,GLOBAL   INFRASTRUCTURE       SO,8.275
1749,GLOBAL   PAYMENTS     INC,8.889
1750,GLOBALWORTH       REAL  ESTATE,351
1751,Goeasy  Ltd,3.203
1752,GOLDEN    GOOSE   SPA,1.646
1753,Goldman   Sachs  Group   Inc,45.179
1754,Goodman    Funding   Pty Ltd,3.234
1755,GOOLD,623
1756,Gov  of Quebec,1.240
1757,Government    National  Mortgage    A,7 0
1758,Government    Of  Bermuda,1.747
1759,Grainger  PLC,571
1760,GRAND   CITY  PROPERTIES    SA,1.734
1761,GRAND   PARKWAY     TRANSPRTN     CORP   T,1.047
1762,GRAPHIC   PACKAGING     INTL,5.882
1763,GRAY  TELEVISION    INC,9.383
1764,GREEN   BIDCO   SAU,371
1765,Green  Lion,2.916
1766,GREYSTAR    REAL  ESTATE   PAR,904
1767,Grifols SA,16.517
1768,Group,1
1769,Groupe   Eurotunnel   SA,805
1770,GRUENENTHAL      GMBH,8.546
1771,GS Mortgage    Securities Trust,1.845
1772,GSK  CONSUMER     HEALTHCARE,1.545
1773,GSR  MORTGAGE      LOAN   TRUST,7
1774,GTA  FINANCE   CO  PTY  LTD,1.339
1775,GUARDIAN     LIFE GLOB  FUND,1.443
1776,HANESBRANDS      INC,3.305
1777,HARBORVIEW      MORTGAGE      LOAN   TRUST,1 6
1778,HARVEST    MIDSTREAM     I LP,9.959
1779,Health  Care Svcs  Corp,1.149
1780,Heathrow   Funding   Ltd,6.692
1781,Heimstaden    Bostad,5.422
1782,HEIMSTADEN     BOSTAD    AB,2.250
1783,HELIOS  SOFTWARE     HOLDINGS,5.371
1784,HERTZ  CORP,3.173
1785,HESS  MIDSTREAM     PARTNERS,3.346
1786,Hessen,824
1787,Highwoods    Realty Limited,408
1788,HILTON   GRAND    VAC  BORROWER,3.673
1789,Home   Depot  Inc,3.047
1790,HONG   KONG,2.555
1791,HSBC  HOLDINGS    PLC,19.478
1792,HT TROPLAST    AG,2.152
1793,HTA  GROUP    LTD,3.701
1794,Hub  International  Ltd,5.639
1795,Hubbell  Inc,7 4
1796,HUDSON    AUTOMOTIVE      GROUP,3.496
1797,Humana    Inc,4.922
1798,HUNT   COS  INC,5.401
1799,HUNTSMAN      INTERNATIONAL      L,1.717
1800,HYPERION    INSURANCE     GROUP,2.774
1801,Hyundai  Capital  America,6.644
1802,Iberdrola International   BV,11.506
1803,IBM  CORP,235
1804,IH MERGER    SUB  LLC,1.278
1805,IHS INC,5.929
1806,ILE DE FRANCE    MOBILITES,1.442
1807,ILIAD SA,36.835
1808,Illinois Tool Works  Inc,3.234
1809,Illumina Inc,1.538
1810,IMA  INDUSTRIA    MACCHINE,1.460
1811,IMCD  NV,2.639
1812,INCEPTION   FINCO   SARL,1.134
1813,INDIGO   MERGER    SUB  INC,1.106
1814,INEOS  GROUP    HOLDINGS    SA,7.241
1815,INFINEON   TECHNOLOGIES      AG,1.834
1816,INFORMA    PLC,6.223
1817,ING Groep   NV,25.241
1818,Ingram  Micro  Inc,5.626
1819,Inmarsat  PLC,5.005
1820,INNOVATE    CORP,5.230
1821,INPOST  NA,3.744
1822,INSPIRED   ENTERTAINMENT,1.503
1823,"Int, Bank for Rec, and  Dev,",3.299
1824,INTELLIGENT   PACKAGING,4.120
1825,INTELSAT   LUXEMBOURG       SA,5.471
1826,Intercontinental  Hotels  Group,1.525
1827,IntercontinentalExchange     Inc,2.037
1828,INTERFACE   INC,2.429
1829,International  Game   Technology,3.684
1830,Interpublic Group   of Cos  Inc,346
1831,INTL DESIGN   GROUP,814
1832,Intl development   assoc,928
1833,ION  TRADING   FINANCE    LTD,2.090
1834,IPD,3
1835,IQVIA  INC,11.610
1836,IRB HOLDING    CORP,1.942
1837,IRCA SPA,395
1838,IRON  MOUNTAIN      INC,14.302
1839,JAB HOLDINGS     BV,4.859
1840,JAGUAR   LAND   ROVER   AUTOMO,3.765
1841,Japan  Fin Org Municipal,9.801
1842,Jefferies Group  Inc,6.691
1843,JEFFERSON    CAPITAL  HOLDIN,5.220
1844,JERROLD   FINCO   PLC,4.579
1845,JETBLUE,2019
1846,JOBSOHIO    BEVERAGE    SYS  STWD   LIQ,591
1847,JOHN  LEWIS   PLC,4.263
1848,Johnson  Controls  International,5.095
1849,JP MORGAN     CHASE   COMMERCIAL      MOR,1.333
1850,Kaiser Foundation   Hospital,1.691
1851,KANE  BIDCO   LTD,3.452
1852,Katokichi Co  Ltd,1.615
1853,KBC  GROEP   NV,9.945
1854,Keb Hana   Ban,989
1855,KELDA  FINANCE,3
1856,KENBOURNE     INVEST   SA,1.718
1857,KENNEDY    WILSON    EUR  REAL,820
1858,Kering,2.249
1859,Key Corp,989
1860,Kilroy Realty Corporation,1.701
1861,KIMCO   REALTY   CORP,6.022
1862,KINETIK  HOLDINGS    LP,2.453
1863,Kinross Gold  Corp,7.242
1864,KNORR   BREMSE    AG,2.046
1865,Kommunalbanken       AS,1.015
1866,Kommuninvest     I Sverige,2.355
1867,Koninklijke Ahold   Delhaize  NV,6.579
1868,KONINKLIJKE    KPN  NV,2.731
1869,Koninklijke Philips NV,3.446
1870,Kookmin   Bank,5.307
1871,KOREA   HOUSING    FINANCE    CO,1.946
1872,Kraft Heinz  Foods  Co,1.504
1873,Kredietanstalt  fur Wiederaufbau,88.982
1874,LABORATOIRE     EIMER   SELARL,4.221
1875,Laboratory  Corp  of America   Hol,1.405
1876,LafargeHolcim   Ltd,4.182
1877,LAM  RESEARCH     CORP,790
1878,Lamb  Weston    Holdings  Inc,1.278
1879,LAND  O  LAKES  CAP  TRST  I,4.366
1880,Landwirtschaft   Rentenbank,15.846
1881,Lazard Group   Llc,666
1882,LCM  INVESTMENTS      HOLDINGS,7.092
1883,Leaseplan  Corporation   NV,4.409
1884,LEASYS  SPA,2.035
1885,Lecta SA,1.020
1886,LEEWARD    RENEWABL,4.813
1887,LEG Immobilien    AG,1.775
1888,Lehman   Brothers  Holdings   Inc,3
1889,LEIA FINCO   US LLC,8.938
1890,Lend  Lease Group,813
1891,LEVEL,3
1892,LFS TOPCO   LLC,6.756
1893,LGENERGYSOLUTION,1.586
1894,LHMC   FINCO  SARL,10.294
1895,LIBERTY  COSTA   RICA  SR SF,3.485
1896,LIBERTY  MUTUAL     GROUP   INC,6.603
1897,LIGHTNING    POWER    LLC,8.881
1898,Lithia Motors  Inc,1.341
1899,LKQ  CORP,108
1900,LLOYDS   BANK  PLC,9.263
1901,LOARRE   INVESTMENTS      SARL,2.526
1902,Loews  Corp,892
1903,LOGICOR   FINANCING     SARL,9.126
1904,LONDON    POWER    NETWORKS,1.813
1905,London   Stock Exchange   Group   PL,3.826
1906,LORCA   FINCO  PLC,1.970
1907,LORCA   TELECOM    BONDCO,15.149
1908,"Louis Dreyfus  Commodities     B,V,",3.625
1909,LOXAM    SAS,6.880
1910,LPL Financial Holdings   Inc,1.370
1911,LUCKY  BUCKS   LLC,2.083
1912,Lumen   Technologies   Inc,5.714
1913,LUNE  HOLDINGS     SARL,611
1914,Macquarie   Group   Ltd,903
1915,MADISON    IAQ  LLC,2.607
1916,MAGNERA     CORP,5.816
1917,MAHLE   GmbH,3.195
1918,MARCOLIN     SPA,394
1919,Markel  Corp,4.011
1920,Marriott  International  Inc,1.392
1921,MARRIOTT    VACATION     WORLDW,7.769
1922,MARS   INC,1.250
1923,MARVELL    TECHNOLOGY      GROUP,2.038
1924,MARYLAND     ST ECON   DEV   CORP,1.703
1925,Mass  Institute Of Tech,4.841
1926,Masterbrand    Inc,5.112
1927,Match  Group   Inc,3.029
1928,Mativ  Holdings  Inc,1.589
1929,MATTERHORN      MOBILE    HLDGS,5.085
1930,MCAFEE    INC,3.861
1931,Mce  Finance  Ltd,9.174
1932,Mdc  Holdings   Inc,1.489
1933,MEDNAX    Inc,2.104
1934,Medtronic   Inc,1.931
1935,MEIJI YASUDA    LIFE INSURA,579
1936,MERCER    INTL INC,2.490
1937,MERLIN   ENTERTAINMENTS       PL,1.741
1938,META   PLATFORMS     INC,222
1939,MetLife  Inc,4.050
1940,METROPCS     WIRELESS   INC,2.780
1941,MGIC  INVESTMENT      CORP,4.582
1942,MGM    RESORTS   INTL,3.218
1943,MICHIGAN    ST FIN  AUTH   REVENUE,2.256
1944,MICROCHIP    TECHNOLOGY      INC,1.828
1945,Micron  Technologies,1.729
1946,Microsoft  Corp,641
1947,MIDCAP   FINANCIAL    ISSR TR,4.115
1948,Mineral  Resources   Ltd,3.979
1949,Minerals  Technologies   Inc,3.831
1950,MINERVA    MERGER    SUB   INC,4.160
1951,Mirvac  Group,1.022
1952,MISA  INVESTMENTS      LTD,6.211
1953,Mitsubishi  UFJ Financial  Group,7.311
1954,MIWD   HOLDCO     II LLC,1.332
1955,Mizuho   Bank  Ltd,15.269
1956,MODENA     BUYER   LLC,1.624
1957,MOHEGAN      TRIBAL  GAMING    AU,5.405
1958,MOLINA    HEALTHCARE     INC,1.636
1959,Mondelez   International  Inc,2.365
1960,MONDI    PLC,1.975
1961,MORGAN     STANLEY,41.931
1962,Motability  Operations   Group  Plc,8.504
1963,Motorola   Inc,2.518
1964,MOZART    DEBT   MERGER    SUB,7.068
1965,MSCI  Inc,450
1966,MT  SINAI  HOSPITAL,1.092
1967,MULTIVERSITY     SRL,2.108
1968,Municipality  Finance  Plc,2.054
1969,National  Bank  of Australia,1.643
1970,NATIONAL    GRID  PLC,17.155
1971,NATIONSTAR     MTG   HLD  INC,12.845
1972,Nationwide   Building  Society,8.696
1973,NATL  GAS  TRANSMISSION,6.792
1974,Naturgy  Capital Markets,1.982
1975,Natwest  Group   PLC,20.643
1976,NBN  CO  LTD,11.993
1977,NCI BUILDING    SYSTEMS   INC,8.035
1978,NCR  ATLEOS   ESCROW    CORP,3.347
1979,NCR  Voyix  Corp,980
1980,"Nederlandse   Fin,Mij, voor  Ontwikkelingslanden",1.864
1981,Nederlandse   Gasunie   NV,1.606
1982,Nederlandse   Waterschapsbank,5.826
1983,NESCO   HOLDINGS    II INC,4.492
1984,NESTE  OIL  OYJ,2.986
1985,Nestle SA,7.325
1986,New  Europe   Property  Investment   Plc,5.548
1987,New  Fortress  Energy  Inc,3.302
1988,NEW   JERSEY  ST TRANSPRTN     TRUST,2.230
1989,NEW   YORK  NY,1.229
1990,NEW   YORK  ST  URBAN   DEV   CORP  REV,3.108
1991,NEWELL   RUBBERMAID      INC,2.637
1992,Nexi SpA,8.333
1993,Nextera  Energy  Capital,6.915
1994,NEXUS   CO  LTD,11.233
1995,NH  HOTELES   SA,1.668
1996,Nippon  life insurance,357
1997,NISSAN   MOTOR    CO  LTD,2.105
1998,NN  GROUP    NV,10.581
1999,NOBEL   BIDCO   BV,1.536
2000,Nokia  OYJ,2.900
2001,Nomura   International  PLC,4.809
2002,NORDEA    KREDIT   REALKREDIT,2.787
2003,Nordic  Investment   Bank,1.205
2004,Nordson   Corp,2.577
2005,NORFOLK    SOUTHERN     CORP,3.180
2006,NORTHERN     TRUST   COMPANY     LONDON,13.398
2007,Northern   Trust Global  Funds  PL,27.436
2008,NORTHERN     TRUST   INTERN   BANK,64.436
2009,Northumbrian    Water   Group  PLC,1.280
2010,Norwegian   Cruise  Line HoldingsNCLH,5.619
2011,NOVA   CHEMICALS     CORP,2.873
2012,NOVELIS   INC,12.288
2013,NRG  ENERGY    INC,878
2014,NTT  Data Corp,13.379
2015,Nufarm   Ltd,2.550
2016,Nustar  Pipeline Oper,3.701
2017,NVR  INC,3.934
2018,NXP  Semiconductor    NV,3.981
2019,Nykredit,124
2020,Oceaneering   Intl Inc,2.057
2021,OHIO  NAT   FINANCIAL   SRVS,4.387
2022,OHIO  ST UNIV,910
2023,OHIOHEALTH     CORP,2.392
2024,OI EUROPEAN     GROUP    BV,7.639
2025,Oncor  Electric Delivery,7.398
2026,ONE  HOTEL   GMBH,3.743
2027,ONEMAIN     FINANCE   CORP,23.143
2028,Oneok   Inc,9.013
2029,ONTARIO    TEACHERS    FINANCE   TRUST,4.241
2030,OP Corporate   Bank  PLC,3.446
2031,OPEN   TEXT  CORP,6.316
2032,Optics Bidco  SpA,1.217
2033,Oracle Corp,17.938
2034,Orange  SA,5.679
2035,ORBIA  ADVANCE     CORP   SAB,2.871
2036,ORLANDO     HEALTH   OBL  GRP,1.011
2037,OSCAR   ACQUISITIONCO      LLC,2.554
2038,Otis Worldwide    Corp,2.858
2039,Owens   Corning  Inc,3.434
2040,Pacific Life Corp,260
2041,PAETEC   HOLDING    CORP,8.788
2042,PANTHER    BF AGGREGATOR,2
2043,PANTHER    ESCROW    ISSUER,6.208
2044,PAPREC   HOLDING,9.023
2045,PARAMOUNT      GLOBAL,3.758
2046,Park intermed   holdings,9.088
2047,Parkland  Fuel Corp,2.726
2048,Pattern Energy   Group  Inc,3.143
2049,PEABODY    CAPITAL   NO  TWO,391
2050,PEACEHEALTH     OBLIGATED     GR,292
2051,Pearson  Plc,1.852
2052,Pebblebrook   Hotel  Trust,6.057
2053,PENINSULA    GAMING    LLC,5.520
2054,Pennon   Group  PLC,2.060
2055,PENNSYLVANIA     ST  UNIV,1.529
2056,PENSION   INSURANCE,1.971
2057,PERFORMANCE       FOOD   GROUP    I,8.982
2058,Perrigo Co,4.485
2059,Pertamina   Pt,1.175
2060,PERU  BONO    SOBERANO,633
2061,PEU  FIN LTD,1.992
2062,PHILLIPS  EDISON   GROCERY,2.349
2063,PHINIA  INC,4.943
2064,PHYSICIANS   REALTY   LP,2.640
2065,Pike Corp,4.209
2066,PINEWOOD     FINCO   PLC,5.308
2067,PINNACLE   BIDCO   PLC,9.638
2068,"PIRAEUS   BANK   S,A,",1.610
2069,PLACES  FOR   PEOPLE   TREAS,5.161
2070,Playtech  Ltd,1.010
2071,PLAYTIKA   HOLDING    CORP,8.213
2072,PLT VII Finance  SARL,784
2073,PNC  Financial Services  Group   I,2.600
2074,Post Holdings  Inc,13.262
2075,PPF TELECOM     GROUP   BV,4.331
2076,PRAIRIE  ECI ACQUIROR     LP,4.658
2077,PREMIER   FOODS    PLC,3.395
2078,PRESIDIO   HOLDING    INC,4.613
2079,Primo  Water  Corp,6.095
2080,Principal Financial Group   Inc,1.149
2081,PROG   HOLDINGS    INC,5.875
2082,Prologis International  Fund  II,17.824
2083,Prologis LP,4.834
2084,PROV  ST  JOSEPH   HLTH  OBL,2.349
2085,Province  of Ontario,9.596
2086,Proximus,6.126
2087,PRYSMIAN    SPA,2.429
2088,Public Service  Enterprise  Grou,8.887
2089,PUNCH   FINANCE    PL,724
2090,PVH  Corp,1.048
2091,PVTPL  NEW   COTAI   PARTIICIPATION    CORP   CL BCOM    STK,8 9
2092,QUALCOMM       Inc,6.183
2093,QUEENS   HEALTH    SYSTEMS,916
2094,QUINTIS   AUS  PTY LTD,105
2095,QVC  INC,8.028
2096,Rabobank   Nederland    NV,2.805
2097,RAKUTEN    INC,7.074
2098,RAYONIER    INC,1.067
2099,REALKREDIT    DANMARK,111
2100,Realty Income   Corp,12.486
2101,Reckitt Benckiser  Group   PLC,2.935
2102,Regal Rexnord   Corp,1.206
2103,Regie Autonome     Des  Trans,1.216
2104,REGIONALCARE      HOSPITAL   PR,13.383
2105,Reinsurance   Group   of America  Inc,1.109
2106,"Relx Capital Inc,",1.031
2107,"RENAULT    S,A,",13.815
2108,RENTOKIL   INITIAL  PLC,1.233
2109,REPSOL   INTL FINANCE,9.265
2110,Republic  of Chile,8.575
2111,Republic  of Hungary,13.847
2112,Republic  of Indonesia,1.908
2113,Republic  of Italy,4.210
2114,Republic  Of Philippines,592
2115,Republic  Of Poland,10.767
2116,RESA  SA BELGIUM,390
2117,RESEAU   FERRE   DE FRANCE,224
2118,REXEL  SA,4.096
2119,RIMINI  BIDCO   SPA,1.249
2120,RingCentral  Inc,2.238
2121,Ritchie Bros Auctioneers    Inc,5.729
2122,RLJ LODGING    TRUST   LP,4.793
2123,Robert  Bosch  Investment,640
2124,Roche  Holding  AG,6.991
2125,ROCKET   SOFTWARE     INC,4.284
2126,Rogers  Communications     Inc,11.351
2127,Rohm   and  Haas  Co,1.317
2128,Romania,4.971
2129,ROPER   INDUSTRIAL    PRODUCT,1.390
2130,ROQUETTE    FRERES   SA,1.536
2131,ROSSINI  SARL,2.394
2132,ROYAL   BK CANADA,1.169
2133,Royal Caribbean   Cruises  Ltd,7.259
2134,RRD  PARENT   INC,4.999
2135,Ryder  System  Inc,6.649
2136,Sagax  AB,4.496
2137,SAKS  GLOBAL   ENTERPRISES,3.463
2138,Sally Beauty  Holdings  Inc,3.908
2139,Sampo   OYJ,1.377
2140,SANDOZ    GROUP   AG,2.373
2141,SanPaolo  IMI  SpA,25.233
2142,Santander   UK Plc,9.938
2143,SAZKA  GROUP    AS,3.065
2144,SCENTRE   MGMT     LTD,546
2145,SEALED   AIR CORP,4.709
2146,Segro  PLC,1.612
2147,Select Medical  Holdings   Corp,3.666
2148,SELP FINANCE    SARL,11.282
2149,Sempra   Energy,11.453
2150,Sensata  Technologies   Holding  N,2.972
2151,SERVICE  CORP   INTL,6.769
2152,SERVICE  PROPERTIES     TRUST,10.015
2153,SES SA,1.127
2154,Severn  Trent PLC,5.234
2155,Shinhan  Bank,6.497
2156,Siemens  AG,4.941
2157,SIEMENS   ENERGY    FINAN   BV,936
2158,SILFIN NV,2.017
2159,Silgan Holdings  Inc,826
2160,SIMMONS     FOODS   INC,2.265
2161,Simon  Property   Group  Inc,3.320
2162,SINCLAIR  TELEVISION    GROU,6.277
2163,Sirius Real Estate Ltd,1.074
2164,SIRIUS XM   HOLDINGS    INC,19.000
2165,SK Hynix  Inc,4.687
2166,Skandinaviska   Enskilda Banken   AB,6.631
2167,Sky Deutschland   AG,7.838
2168,SLM  CORP,4.086
2169,SMEDVIG    ASA,3.790
2170,Smith  International  Inc,5.032
2171,SMURFIT   KAPPA   TREASURY,5.003
2172,Snam  Spa,6.691
2173,SNCF,602
2174,SOCIETE  DU   GRAND   PARIS,4.288
2175,Societe Generale,28.924
2176,Sofina SA,4.426
2177,SOFTBANK    CORP,10.825
2178,SOGECAP    SA,3.653
2179,SOLENIS  INTERNATIONAL      LP,12.571
2180,SOUND   INPATIENT    PHYSICIA,1.297
2181,SOUTHERN     GAS  NETWORK     PLC,2.612
2182,SP Plus Corp,3.786
2183,SPCM   SA,296
2184,SPECIALTY   BUILDINGS    PROD,8.835
2185,Spectrum   Brands  Inc,7 0
2186,SPEEDWAY     MOTORSPORTS       INC,2.906
2187,SPIE SA,806
2188,SPRINT  CAPITAL   CORP,1.116
2189,SRM  ESCROW     ISSUER  LLC,6.410
2190,Staat der Nederlanden,1.661
2191,STADA   Arzneimittel  AG,7.630
2192,Standard  Charted   London,2.563
2193,Standard  Chartered   PLC,11.331
2194,STANFORD    HEALTH    CARE,424
2195,Staples Inc,2.237
2196,State of Israel,962
2197,State of Qatar,1.417
2198,STATKRAFT    AS,6.383
2199,STATNETT    SF,5.072
2200,Stedin,1.836
2201,Stellantis NV,4.719
2202,STENA   AB,3.319
2203,STONEGATE     PUB  FIN,770
2204,StoneX  Group   Inc,5.895
2205,Storm  BV,1.301
2206,STRETFORD    SEVENTY    NINE,1.606
2207,STRUCTURED     ADJUSTABLE     RATE  MOR,2 6
2208,STRUCTURED     ASSET  MORTGAGE       INVE,7 4
2209,STRUCTURED     ASSET  SECURITIES    CO,3
2210,Stryker Corp,3.971
2211,"STX Fixed  Income   B,V,",2.891
2212,STYROLUTION     GROUP    GMBH,7.136
2213,SUBURBAN     PROPANE    PARTNRS,3.288
2214,SUEZ,1.930
2215,Sumitomo    Mitsui Banking   Corp,12.701
2216,Sumitomo    Mitsui Trust  Holdings,13.732
2217,SUMMER     BC HOLDCO     B SARL,3.163
2218,SUN  COMMUNITIES,10.167
2219,Sunrise HoldCo   IV BV,2.079
2220,SUTTER   HEALTH,867
2221,Suzano  Trading  Ltd,4.798
2222,Svenska  Handelsbanken     AB,6.466
2223,Swedbank    AB,4.876
2224,SWISSCOM     AG,3.817
2225,Syensqo  SA,1.108
2226,Synthomer   PLC,2.245
2227,TALOS  PRODUCTION      INC,6.247
2228,TD Bank  US  Holding  Co,3.842
2229,TDF Infrastructure   SAS,6.931
2230,TEAMSYSTEM      HLDG   SPA,1.774
2231,TEIDE  LTD,595
2232,TELE COLUMBUS      AG,1.465
2233,TELEFONICA    EUROPE    BV,32.901
2234,TELENET   FINANCE   LUX,1.513
2235,TELUS  CORP,1.411
2236,Tema  Pharmaceutical,5.424
2237,Temasek   Financial I Ltd,5.109
2238,TENET  HEALTHCARE      CORP,9.607
2239,Tenneco   Inc,4.893
2240,Tennet  BV,19.992
2241,TEREGA   SASU,4.386
2242,TEREX  CORP,2.524
2243,TERNA   SPA,2.239
2244,TESCO  PLC,2.731
2245,TESCO  PROPERTY     FIN,2
2246,TEXAS  HEALTH    RESOURCES,840
2247,TEXAS  ST TRANSPRTN     COMMISSIONS,772
2248,THE  DOCTORS    CO,1.833
2249,The Weir  Group   Plc,3.262
2250,Thermo   Fisher Scientific Inc,4.059
2251,THFC  FUNDING    NO,3
2252,THOM   EUROPE    SAS,2.365
2253,TIBCO  Software   Inc,7.505
2254,Ticketmaster   Entertainment   Inc,5.139
2255,TIM  SPA,17.483
2256,Tokyo  Metropolitan   Govt,2.308
2257,Toronto  Dominion    Bank,332
2258,Toyota  Motor   Corp,4.109
2259,TP ICAP  PLC,2.275
2260,Trane  Inc,1.439
2261,TRANSDIGM     INC,21.092
2262,Transocean   Ltd,11.193
2263,Transurban   Group,2.399
2264,TRATON    FINANCE   LUXEMBRG,5.698
2265,TREASURY    BILL,98.289
2266,TriNet Group   Inc,2.477
2267,TRIVIUM   PACKAGING     FIN,6.807
2268,TRONOX    FINANCE   LLC,642
2269,TRUIST  BANK,6.360
2270,TUI AG,1.813
2271,TUI CRUISES   GMBH,4.518
2272,Twilio Inc,3.398
2273,UBER  TECHNOLOGIES      INC,7.908
2274,UBS,53.880
2275,UCB  SA,6.016
2276,UDR  Inc,2.622
2277,ULTIMATE    SOFTWARE     GROUP    INC,8.232
2278,UNICREDIT   BK  AUSTRIA   AG,1.618
2279,UniCredit  SpA,14.246
2280,UNITED   AIRLINES  INC,11.906
2281,UNITED   MEXICAN    STATES,19.058
2282,United  States Treasury,3.509
2283,UNITED   UTILIT WATER    PLC,3.823
2284,UNITED   WHOLESALE     MTGE    LL,1.596
2285,Unitedhealth   Group  Inc,15.976
2286,UNIV  OF  CALIFORNIA    CA  RGTS  MED,335
2287,UNIV  OF  MICHIGAN    MI,4.895
2288,Univ Of  Southern  Califor,465
2289,UNIV  OF  VIRGINIA   VA UNIV   REVEN,185
2290,UNIVAR   SOLUTIONS     USA  INC,2.952
2291,UNIVERSITY   OF  CHICAGO,555
2292,UNIVERSITY   OF  OXFORD,711
2293,University of Pennsylvania,1.434
2294,UNIVISION   COMMUNICATIONS,7.236
2295,Unum   Group,5.076
2296,Upbound    Group  Inc,6.032
2297,UPJOHN    FINANCE   BV,7.952
2298,UPMC   HEALTH    SYSTEM,584
2299,US ACUTE   CARE   SOLUTIONS,2.093
2300,US BANK   NA,198
2301,UWM    HOLDINGS    LLC,3.399
2302,Valeo SA,7.429
2303,VARSITY  BRANDS    LLC,657
2304,VELOCITY   VEHICLE   GROUP,4.406
2305,Ventas  Inc,2.000
2306,VENTURE    GLOBAL   LNG   INC,22.409
2307,Verallia SA,1.403
2308,VERALTO    CORP,992
2309,Verbund   AG,624
2310,VERISURE   HOLDING    AB,20.177
2311,Verizon  Communications,20.909
2312,VERTICAL   HOLDCO    GMBH,1.197
2313,VERTIV  GROUP    CORP,5.335
2314,VESTEDA   FINANCE    BV,506
2315,VF Corp,2.171
2316,VIA OUTLETS    BV,1.137
2317,VIASAT  INC,7.700
2318,VICI PROP,1
2319,VICTORIA   PLC,1.282
2320,Victra Holdings,5.087
2321,Vier Gas Transport   Gmbh,5.686
2322,VILMORIE   ET  COMP,2.352
2323,VIRGIN  MEDIA   FINANCE    PLC,52.907
2324,VIRGIN  MONEY    UK  PLC,15.432
2325,VIVION  INVESTMENTS,1.595
2326,"VMWARE,     INC,",7.116
2327,Vodafone   Group   PLC,16.408
2328,Volvo  AB,3.260
2329,Voyage  Bidco  Ltd,801
2330,VT TOPCO    INC,7.203
2331,VULCAN   MATERIALS     CO,255
2332,VW  Credit  Inc,68.184
2333,Walgreens   Boots  Alliance Inc,2.852
2334,WAND    NEWCO,3
2335,Warner   Bros Discovery   Inc,5.491
2336,WASH   MULTIFAMILY     LAUNDRY     SYS,5.801
2337,WASHINGTON      UNIVERSITY,1.933
2338,WAYNE    MERGER    SUB  LLC,13.568
2339,WEATHERFORD       INTERNATIONA,6.074
2340,Weight  Watchers    International,1.154
2341,WEIGHT   WATCHERS      INTL INC,2.268
2342,Wellington  Management      International  Ltd,5.468
2343,WELLS  FARGO    COMMERCIAL      MORTGAG,3.781
2344,"Wells Fargo  Securities  Europe  S,A,",5 8
2345,WEPA   HYGIENEPRODUKTE        GMB,1.921
2346,WERFENLIFE    SA,1.394
2347,WESCO   DISTRIBUTION     INC,8.873
2348,Wesfarmers    Ltd,1.068
2349,WESSEX   WATER    SERVS  FIN,3.436
2350,Western   Gas Partners,8.716
2351,WEYERHAEUSER       CO,4.444
2352,WEYERHAEUSER       REAL  ESTATE,4.350
2353,WHATABRANDS       LLC,1.190
2354,WILLIAMS   COS   INC,10.999
2355,WILLIAMS   SCOTSMAN      INTL,6.557
2356,WIPRO   IT SERVICE,4.570
2357,WM   Morrison   Supermarkets    PLC,7.356
2358,WORKSPACE     GROUP    PLC,2.979
2359,WorleyParsons    Ltd,677
2360,WP  Carey  Inc,9.526
2361,WR  Berkley  Corp,1.940
2362,WYNN    RESORTS   FINANCE    LLC,6.919
2363,Xerox  Corp,5.240
2364,XPLR  INFRAST   OPERATING,2.807
2365,Xylem  Inc,998
2366,Yale University,942
2367,Yamana   Gold  Inc,6.338
2368,Yara International  Asa,4.193
2369,ZAYO  GROUP    HOLDINGS    INC,215
2370,ZAYO  GROUP    LLC,4.294
2371,ZEGONA    FINANCE   PLC,3.727
2372,ZF NA  CAPITAL,24.117
2373,ZIGGO  BOND    CO,16.143
2374,ZIPRECRUITER    INC,3.936
2375,ZUERCHER    KANTONALBANK,2.521
2376,LIMA  METRO    LINE,2
2377,NBK  TIER,1
