Shareholder - Name	Issuer - Name	Security - ISIN	Security - Report Date	Security - Market Value	Security - Market Value - Currency Code	Stock - Number of Shares	Stock - Percent Ownership	Stock - Percent Voting Power	Data Source URL
AP3	ARISE AB	SE0002095604	2025-02-11	145,263	SEK	3952723	9.25	9.25	https://www.ap3.se/en/forvaltning/ap3s-portfolj/ap3s-vardepapper
AP3	BOULE DIAGNOSTICS INTERNATIONAL	SE0011231158	2025-02-11	22,913	SEK	2551542	6.57	6.57	https://www.ap3.se/en/forvaltning/ap3s-portfolj/ap3s-vardepapper
AP3	BALCO GROUP AB	SE0010323998	2025-02-11	42,350	SEK	1100000	4.78	4.78	https://www.ap3.se/en/forvaltning/ap3s-portfolj/ap3s-vardepapper
AP3	IAR SYSTEMS GROUP AB	SE0005851706	2025-02-11	78,430	SEK	620000	4.44	4.44	https://www.ap3.se/en/forvaltning/ap3s-portfolj/ap3s-vardepapper
AP3	FASADGRUPPEN GROUP AB	SE0015195771	2025-02-11	98,935	SEK	2150762	4.00	4.00	https://www.ap3.se/en/forvaltning/ap3s-portfolj/ap3s-vardepapper
AP3	HEXATRONIC GROUP AB	SE0018040677	2025-02-11	297,995	SEK	8236450	3.95	4.00	https://www.ap3.se/en/forvaltning/ap3s-portfolj/ap3s-vardepapper
AP3	BICO GROUP AB	SE0013647385	2025-02-11	88,091	SEK	2751114	3.90	3.27	https://www.ap3.se/en/forvaltning/ap3s-portfolj/ap3s-vardepapper
AP3	XSPRAY PHARMA AB	SE0009973563	2025-02-11	59,273	SEK	1429998	3.85	3.85	https://www.ap3.se/en/forvaltning/ap3s-portfolj/ap3s-vardepapper
AP3	INTEA FASTIGHETER AB	SE0017072259	2025-02-11	390,250	SEK	8750000	3.40	2.78	https://www.ap3.se/en/forvaltning/ap3s-portfolj/ap3s-vardepapper
AP3	RVRC HOLDING AB	SE0015962485	2025-02-11	152,487	SEK	3721000	3.40	3.40	https://www.ap3.se/en/forvaltning/ap3s-portfolj/ap3s-vardepapper
AP3	NIVIKA FASTIGHETER AB-B	SE0017083272	2025-02-11	127,748	SEK	3169928	3.31	0.99	https://www.ap3.se/en/forvaltning/ap3s-portfolj/ap3s-vardepapper
AP3	BIOTAGE AB	SE0000454746	2025-02-11	423,496	SEK	2633681	3.25	3.29	https://www.ap3.se/en/forvaltning/ap3s-portfolj/ap3s-vardepapper
AP3	PRISMA PROPERTIES AB	SE0022062055	2025-02-11	119,000	SEK	5000000	3.04	3.04	https://www.ap3.se/en/forvaltning/ap3s-portfolj/ap3s-vardepapper
AP3	ACTIVE BIOTECH AB	SE0001137985	2025-02-11	3,931	SEK	36135039	2.94	2.94	https://www.ap3.se/en/forvaltning/ap3s-portfolj/ap3s-vardepapper
AP3	RUSTA AB	SE0020848356	2025-02-11	330,169	SEK	4416983	2.91	2.91	https://www.ap3.se/en/forvaltning/ap3s-portfolj/ap3s-vardepapper
AP3	MILDEF GROUP AB	SE0016074249	2025-02-11	165,064	SEK	1322626	2.90	2.90	https://www.ap3.se/en/forvaltning/ap3s-portfolj/ap3s-vardepapper
AP3	MOMENTUM GROUP B	SE0017562523	2025-02-11	254,653	SEK	1432245	2.84	2.58	https://www.ap3.se/en/forvaltning/ap3s-portfolj/ap3s-vardepapper
AP3	HANZA AB	SE0005878543	2025-02-11	92,458	SEK	1205447	2.76	2.76	https://www.ap3.se/en/forvaltning/ap3s-portfolj/ap3s-vardepapper
AP3	ADDLIFE AB-B	SE0014401378	2025-02-11	456,692	SEK	3326237	2.72	2.03	https://www.ap3.se/en/forvaltning/ap3s-portfolj/ap3s-vardepapper
AP3	GRANGES AB	SE0006288015	2025-02-11	376,510	SEK	2858847	2.69	2.69	https://www.ap3.se/en/forvaltning/ap3s-portfolj/ap3s-vardepapper
AP3	CTT SYSTEMS AB	SE0000418923	2025-02-11	93,736	SEK	333581	2.66	2.66	https://www.ap3.se/en/forvaltning/ap3s-portfolj/ap3s-vardepapper
AP3	SIVERS SEMICONDUCTORS AB	SE0003917798	2025-02-11	18,996	SEK	6000000	2.52	2.52	https://www.ap3.se/en/forvaltning/ap3s-portfolj/ap3s-vardepapper
AP3	SYSTEMAIR AB	SE0016609499	2025-02-11	452,788	SEK	5104712	2.45	2.45	https://www.ap3.se/en/forvaltning/ap3s-portfolj/ap3s-vardepapper
AP3	SAGAX AB-B	SE0005127818	2025-02-11	2,578,521	SEK	11399298	2.44	1.62	https://www.ap3.se/en/forvaltning/ap3s-portfolj/ap3s-vardepapper
AP3	FASTPARTNER AB-A	SE0013512506	2025-02-11	304,816	SEK	4762753	2.41	2.58	https://www.ap3.se/en/forvaltning/ap3s-portfolj/ap3s-vardepapper
AP3	CIBUS NORDIC REAL ESTAT PUBL	SE0010832204	2025-02-11	262,538	SEK	1490000	2.37	2.37	https://www.ap3.se/en/forvaltning/ap3s-portfolj/ap3s-vardepapper
AP3	GARO AB	SE0015812417	2025-02-11	26,565	SEK	1150000	2.30	2.30	https://www.ap3.se/en/forvaltning/ap3s-portfolj/ap3s-vardepapper
AP3	FASTIGHETSBOLAGET EMILSHUS-B	SE0016785786	2025-02-11	133,484	SEK	3068595	2.28	1.29	https://www.ap3.se/en/forvaltning/ap3s-portfolj/ap3s-vardepapper
AP3	ATTENDO AB	SE0007666110	2025-02-11	184,322	SEK	3614158	2.26	2.26	https://www.ap3.se/en/forvaltning/ap3s-portfolj/ap3s-vardepapper
AP3	TROAX GROUP AB	SE0012729366	2025-02-11	294,489	SEK	1308840	2.18	2.18	https://www.ap3.se/en/forvaltning/ap3s-portfolj/ap3s-vardepapper
AP3	ELANDERS AB-B SHS	SE0000119299	2025-02-11	66,013	SEK	751856	2.13	1.45	https://www.ap3.se/en/forvaltning/ap3s-portfolj/ap3s-vardepapper
AP3	VITEC SOFTWARE GROUP AB-B SH	SE0007871363	2025-02-11	429,631	SEK	789763	1.98	1.27	https://www.ap3.se/en/forvaltning/ap3s-portfolj/ap3s-vardepapper
AP3	NOLATO AB-B SHS	SE0015962477	2025-02-11	280,532	SEK	5175870	1.92	1.00	https://www.ap3.se/en/forvaltning/ap3s-portfolj/ap3s-vardepapper
AP3	AQ GROUP AB	SE0022062196	2025-02-11	241,500	SEK	1725000	1.89	1.89	https://www.ap3.se/en/forvaltning/ap3s-portfolj/ap3s-vardepapper
AP3	COOR SERVICE MANAGEMENT	SE0007158829	2025-02-11	61,545	SEK	1794313	1.87	1.87	https://www.ap3.se/en/forvaltning/ap3s-portfolj/ap3s-vardepapper
AP3	DOMETIC GROUP AB	SE0007691613	2025-02-11	297,282	SEK	5716970	1.79	1.79	https://www.ap3.se/en/forvaltning/ap3s-portfolj/ap3s-vardepapper
AP3	VICORE PHARMA HOLDING AB	SE0007577895	2025-02-11	32,973	SEK	3902100	1.66	1.66	https://www.ap3.se/en/forvaltning/ap3s-portfolj/ap3s-vardepapper
AP3	ELECTROLUX AB-B	SE0016589188	2025-02-11	430,314	SEK	4682417	1.65	1.31	https://www.ap3.se/en/forvaltning/ap3s-portfolj/ap3s-vardepapper
AP3	BIOGAIA AB-B SHS	SE0017769995	2025-02-11	182,397	SEK	1630000	1.61	1.21	https://www.ap3.se/en/forvaltning/ap3s-portfolj/ap3s-vardepapper
AP3	AFRY AB	SE0005999836	2025-02-11	277,822	SEK	1807558	1.60	1.19	https://www.ap3.se/en/forvaltning/ap3s-portfolj/ap3s-vardepapper
AP3	BETTER COLLECTIVE A/S	DK0060952240	2025-02-11	111,400	SEK	1000000	1.59	1.59	https://www.ap3.se/en/forvaltning/ap3s-portfolj/ap3s-vardepapper
AP3	EPISURF MEDICAL AB-B SHS	SE0003491562	2025-02-11	1,365	SEK	9980000	1.53	1.53	https://www.ap3.se/en/forvaltning/ap3s-portfolj/ap3s-vardepapper
AP3	NCAB GROUP AB	SE0017160773	2025-02-11	183,252	SEK	2841123	1.52	1.52	https://www.ap3.se/en/forvaltning/ap3s-portfolj/ap3s-vardepapper
AP3	K-FAST HOLDING AB	SE0016101679	2025-02-11	61,790	SEK	3630421	1.48	1.08	https://www.ap3.se/en/forvaltning/ap3s-portfolj/ap3s-vardepapper
AP3	ALLIGO AB-B	SE0009922305	2025-02-11	90,434	SEK	734040	1.44	1.31	https://www.ap3.se/en/forvaltning/ap3s-portfolj/ap3s-vardepapper
AP3	BIOARCTIC AB	SE0010323311	2025-02-11	238,245	SEK	1194212	1.35	0.55	https://www.ap3.se/en/forvaltning/ap3s-portfolj/ap3s-vardepapper
AP3	NIBE INDUSTRIER AB-B SHS	SE0015988019	2025-02-11	1,142,326	SEK	26418279	1.31	0.64	https://www.ap3.se/en/forvaltning/ap3s-portfolj/ap3s-vardepapper
AP3	XANO INDUSTRI AB -CLASS B	SE0018014151	2025-02-11	43,745	SEK	778384	1.31	0.41	https://www.ap3.se/en/forvaltning/ap3s-portfolj/ap3s-vardepapper
AP3	SSAB AB - B SHARES	SE0000120669	2025-02-11	541,163	SEK	12324376	1.24	0.34	https://www.ap3.se/en/forvaltning/ap3s-portfolj/ap3s-vardepapper
AP3	CTEK AB	SE0016798763	2025-02-11	11,721	SEK	843259	1.21	1.21	https://www.ap3.se/en/forvaltning/ap3s-portfolj/ap3s-vardepapper
AP3	AVANZA BANK HOLDING AB	SE0012454072	2025-02-11	493,380	SEK	1807914	1.15	1.15	https://www.ap3.se/en/forvaltning/ap3s-portfolj/ap3s-vardepapper
AP3	ITAB SHOP CONCEPT AB	SE0015962097	2025-02-11	59,913	SEK	2866667	1.11	1.13	https://www.ap3.se/en/forvaltning/ap3s-portfolj/ap3s-vardepapper
AP3	JM AB	SE0000806994	2025-02-11	116,830	SEK	700000	1.09	1.09	https://www.ap3.se/en/forvaltning/ap3s-portfolj/ap3s-vardepapper
AP3	MUNTERS GROUP AB	SE0009806607	2025-02-11	368,444	SEK	1980882	1.07	1.07	https://www.ap3.se/en/forvaltning/ap3s-portfolj/ap3s-vardepapper
AP3	ELEKTA AB-B SHS	SE0000163628	2025-02-11	242,565	SEK	3966719	1.03	0.77	https://www.ap3.se/en/forvaltning/ap3s-portfolj/ap3s-vardepapper
AP3	GETINGE AB-B SHS	SE0000202624	2025-02-11	507,686	SEK	2796398	1.03	0.64	https://www.ap3.se/en/forvaltning/ap3s-portfolj/ap3s-vardepapper
AP3	MYCRONIC AB	SE0000375115	2025-02-11	399,441	SEK	1000103	1.02	1.02	https://www.ap3.se/en/forvaltning/ap3s-portfolj/ap3s-vardepapper
AP3	BONESUPPORT HOLDING AB	SE0009858152	2025-02-11	259,753	SEK	671544	1.01	1.02	https://www.ap3.se/en/forvaltning/ap3s-portfolj/ap3s-vardepapper
AP3	BURE EQUITY AB	SE0000195810	2025-02-11	282,980	SEK	741173	0.99	1.00	https://www.ap3.se/en/forvaltning/ap3s-portfolj/ap3s-vardepapper
AP3	NYFOSA AB	SE0011426428	2025-02-11	218,894	SEK	2028674	0.97	0.97	https://www.ap3.se/en/forvaltning/ap3s-portfolj/ap3s-vardepapper
AP3	FABEGE AB	SE0011166974	2025-02-11	264,873	SEK	3198945	0.97	0.97	https://www.ap3.se/en/forvaltning/ap3s-portfolj/ap3s-vardepapper
AP3	EVOLUTION AB	SE0012673267	2025-02-11	1,735,586	SEK	2035162	0.96	0.96	https://www.ap3.se/en/forvaltning/ap3s-portfolj/ap3s-vardepapper
AP3	FORTNOX AB	SE0017161243	2025-02-11	416,538	SEK	5777233	0.95	0.95	https://www.ap3.se/en/forvaltning/ap3s-portfolj/ap3s-vardepapper
AP3	PLATZER FASTIGHETER HOLD-B	SE0004977692	2025-02-11	95,556	SEK	1115000	0.93	0.37	https://www.ap3.se/en/forvaltning/ap3s-portfolj/ap3s-vardepapper
AP3	RATOS AB-B SHS	SE0000111940	2025-02-11	94,020	SEK	3000000	0.92	0.28	https://www.ap3.se/en/forvaltning/ap3s-portfolj/ap3s-vardepapper
AP3	BEIJER REF AB	SE0015949748	2025-02-11	755,194	SEK	4630252	0.91	0.61	https://www.ap3.se/en/forvaltning/ap3s-portfolj/ap3s-vardepapper
AP3	STORSKOGEN GROUP AB-B	SE0016797732	2025-02-11	174,895	SEK	15201615	0.90	0.51	https://www.ap3.se/en/forvaltning/ap3s-portfolj/ap3s-vardepapper
AP3	LINDAB INTERNATIONAL AB	SE0001852419	2025-02-11	156,142	SEK	681247	0.86	0.86	https://www.ap3.se/en/forvaltning/ap3s-portfolj/ap3s-vardepapper
AP3	CASTELLUM AB	SE0000379190	2025-02-11	505,025	SEK	4189343	0.85	0.85	https://www.ap3.se/en/forvaltning/ap3s-portfolj/ap3s-vardepapper
AP3	WIHLBORGS FASTIGHETER AB	SE0018012635	2025-02-11	262,971	SEK	2509265	0.82	0.82	https://www.ap3.se/en/forvaltning/ap3s-portfolj/ap3s-vardepapper
AP3	MIPS AB	SE0009216278	2025-02-11	101,573	SEK	215929	0.82	0.82	https://www.ap3.se/en/forvaltning/ap3s-portfolj/ap3s-vardepapper
AP3	AAK AB	SE0011337708	2025-02-11	666,975	SEK	2113357	0.81	0.81	https://www.ap3.se/en/forvaltning/ap3s-portfolj/ap3s-vardepapper
AP3	HEXAGON AB-B SHS	SE0015961909	2025-02-11	2,312,457	SEK	21898265	0.81	0.59	https://www.ap3.se/en/forvaltning/ap3s-portfolj/ap3s-vardepapper
AP3	SINCH AB	SE0016101844	2025-02-11	140,783	SEK	6791287	0.80	0.80	https://www.ap3.se/en/forvaltning/ap3s-portfolj/ap3s-vardepapper
AP3	ADDNODE GROUP AB	SE0017885767	2025-02-11	110,921	SEK	1068603	0.79	0.63	https://www.ap3.se/en/forvaltning/ap3s-portfolj/ap3s-vardepapper
AP3	SANDVIK AB	SE0000667891	2025-02-11	1,910,736	SEK	9635583	0.77	0.77	https://www.ap3.se/en/forvaltning/ap3s-portfolj/ap3s-vardepapper
AP3	ELECTROLUX PROFESSIONAL AB-B	SE0013747870	2025-02-11	151,182	SEK	2207042	0.77	0.61	https://www.ap3.se/en/forvaltning/ap3s-portfolj/ap3s-vardepapper
AP3	NEW WAVE GROUP AB -B SHS	SE0020356970	2025-02-11	98,524	SEK	1014145	0.76	0.21	https://www.ap3.se/en/forvaltning/ap3s-portfolj/ap3s-vardepapper
AP3	DIOS FASTIGHETER AB	SE0001634262	2025-02-11	83,714	SEK	1057000	0.75	0.75	https://www.ap3.se/en/forvaltning/ap3s-portfolj/ap3s-vardepapper
AP3	ALLEIMA AB	SE0017615644	2025-02-11	139,381	SEK	1855935	0.74	0.74	https://www.ap3.se/en/forvaltning/ap3s-portfolj/ap3s-vardepapper
AP3	HUSQVARNA AB-B SHS	SE0001662230	2025-02-11	232,841	SEK	4032578	0.70	0.26	https://www.ap3.se/en/forvaltning/ap3s-portfolj/ap3s-vardepapper
AP3	VITROLIFE AB	SE0011205202	2025-02-11	202,868	SEK	943574	0.70	0.70	https://www.ap3.se/en/forvaltning/ap3s-portfolj/ap3s-vardepapper
AP3	HMS NETWORKS AB	SE0009997018	2025-02-11	147,820	SEK	340756	0.68	0.68	https://www.ap3.se/en/forvaltning/ap3s-portfolj/ap3s-vardepapper
AP3	PANDOX AB	SE0007100359	2025-02-11	248,734	SEK	1296843	0.67	0.38	https://www.ap3.se/en/forvaltning/ap3s-portfolj/ap3s-vardepapper
AP3	CELLAVISION AB	SE0000683484	2025-02-11	34,031	SEK	156464	0.66	0.66	https://www.ap3.se/en/forvaltning/ap3s-portfolj/ap3s-vardepapper
AP3	SKANSKA AB-B SHS	SE0000113250	2025-02-11	640,036	SEK	2750475	0.66	0.46	https://www.ap3.se/en/forvaltning/ap3s-portfolj/ap3s-vardepapper
AP3	SWEDISH ORPHAN BIOVITRUM AB	SE0000872095	2025-02-11	740,045	SEK	2331586	0.65	0.65	https://www.ap3.se/en/forvaltning/ap3s-portfolj/ap3s-vardepapper
AP3	BILLERUD AB	SE0000862997	2025-02-11	165,599	SEK	1633128	0.65	0.65	https://www.ap3.se/en/forvaltning/ap3s-portfolj/ap3s-vardepapper
AP3	ATLAS COPCO AB-B SHS	SE0017486897	2025-02-11	4,797,855	SEK	32103413	0.65	0.09	https://www.ap3.se/en/forvaltning/ap3s-portfolj/ap3s-vardepapper
AP3	SVENSKA HANDELSBANKEN-A SHS	SE0007100599	2025-02-11	1,469,944	SEK	12871660	0.65	0.66	https://www.ap3.se/en/forvaltning/ap3s-portfolj/ap3s-vardepapper
AP3	SWEDBANK AB - A SHARES	SE0000242455	2025-02-11	1,598,045	SEK	7320408	0.65	0.65	https://www.ap3.se/en/forvaltning/ap3s-portfolj/ap3s-vardepapper
AP3	BOLIDEN AB	SE0020050417	2025-02-11	542,989	SEK	1748757	0.64	0.64	https://www.ap3.se/en/forvaltning/ap3s-portfolj/ap3s-vardepapper
AP3	EPIROC AB-B	SE0015658117	2025-02-11	1,308,866	SEK	7592032	0.63	0.09	https://www.ap3.se/en/forvaltning/ap3s-portfolj/ap3s-vardepapper
AP3	HEXPOL AB	SE0007074281	2025-02-11	214,618	SEK	2087721	0.61	0.44	https://www.ap3.se/en/forvaltning/ap3s-portfolj/ap3s-vardepapper
AP3	VOLVO AB-B SHS	SE0000115446	2025-02-11	3,307,811	SEK	12315006	0.61	0.20	https://www.ap3.se/en/forvaltning/ap3s-portfolj/ap3s-vardepapper
AP3	ESSITY AKTIEBOLAG-B	SE0009922164	2025-02-11	1,254,416	SEK	4242190	0.60	0.34	https://www.ap3.se/en/forvaltning/ap3s-portfolj/ap3s-vardepapper
AP3	ALFA LAVAL AB	SE0000695876	2025-02-11	1,151,671	SEK	2489562	0.60	0.60	https://www.ap3.se/en/forvaltning/ap3s-portfolj/ap3s-vardepapper
AP3	INWIDO AB	SE0006220018	2025-02-11	64,164	SEK	345900	0.60	0.60	https://www.ap3.se/en/forvaltning/ap3s-portfolj/ap3s-vardepapper
AP3	THULE GROUP AB/THE	SE0006422390	2025-02-11	215,937	SEK	632135	0.59	0.59	https://www.ap3.se/en/forvaltning/ap3s-portfolj/ap3s-vardepapper
AP3	NP3 FASTIGHETER AB	SE0006342333	2025-02-11	142,500	SEK	570000	0.55	0.87	https://www.ap3.se/en/forvaltning/ap3s-portfolj/ap3s-vardepapper
AP3	HUFVUDSTADEN AB-A SHS	SE0000170375	2025-02-11	133,909	SEK	1105775	0.52	0.11	https://www.ap3.se/en/forvaltning/ap3s-portfolj/ap3s-vardepapper
AP3	XVIVO PERFUSION AB	SE0004840718	2025-02-11	80,520	SEK	164662	0.52	0.52	https://www.ap3.se/en/forvaltning/ap3s-portfolj/ap3s-vardepapper
AP3	SAAB AB-B	SE0021921269	2025-02-11	663,708	SEK	2840000	0.52	0.45	https://www.ap3.se/en/forvaltning/ap3s-portfolj/ap3s-vardepapper
AP3	EQT AB	SE0012853455	2025-02-11	1,945,893	SEK	6357049	0.51	0.51	https://www.ap3.se/en/forvaltning/ap3s-portfolj/ap3s-vardepapper
AP3	RAYSEARCH LABORATORIES AB	SE0000135485	2025-02-11	37,800	SEK	175000	0.51	0.17	https://www.ap3.se/en/forvaltning/ap3s-portfolj/ap3s-vardepapper
AP3	TRELLEBORG AB-B SHS	SE0000114837	2025-02-11	456,757	SEK	1206438	0.50	0.24	https://www.ap3.se/en/forvaltning/ap3s-portfolj/ap3s-vardepapper
AP3	FAGERHULT GROUP AB	SE0010048884	2025-02-11	47,272	SEK	873788	0.49	0.49	https://www.ap3.se/en/forvaltning/ap3s-portfolj/ap3s-vardepapper
AP3	HENNES & MAURITZ AB-B SHS	SE0000106270	2025-02-11	1,164,564	SEK	7810625	0.48	0.23	https://www.ap3.se/en/forvaltning/ap3s-portfolj/ap3s-vardepapper
AP3	SKANDINAVISKA ENSKILDA BAN-A	SE0000148884	2025-02-11	1,523,420	SEK	10058898	0.48	0.48	https://www.ap3.se/en/forvaltning/ap3s-portfolj/ap3s-vardepapper
AP3	ERICSSON LM-B SHS	SE0000108656	2025-02-11	1,412,499	SEK	15715383	0.47	0.28	https://www.ap3.se/en/forvaltning/ap3s-portfolj/ap3s-vardepapper
AP3	EMBRACER GROUP AB	SE0016828511	2025-02-11	189,856	SEK	6294969	0.47	0.34	https://www.ap3.se/en/forvaltning/ap3s-portfolj/ap3s-vardepapper
AP3	TRUECALLER AB-B	SE0016787071	2025-02-11	83,906	SEK	1640396	0.46	0.21	https://www.ap3.se/en/forvaltning/ap3s-portfolj/ap3s-vardepapper
AP3	INFANT BACTERIAL THERAPEUTIC	SE0008015259	2025-02-11	3,216	SEK	60000	0.45	0.34	https://www.ap3.se/en/forvaltning/ap3s-portfolj/ap3s-vardepapper
AP3	SKF AB-B SHARES	SE0000108227	2025-02-11	408,739	SEK	1968880	0.43	0.27	https://www.ap3.se/en/forvaltning/ap3s-portfolj/ap3s-vardepapper
AP3	SWEDISH LOGISTIC PROPERTY-B	SE0017565476	2025-02-11	42,898	SEK	1099960	0.42	0.27	https://www.ap3.se/en/forvaltning/ap3s-portfolj/ap3s-vardepapper
AP3	BRAVIDA HOLDING AB	SE0007491303	2025-02-11	70,128	SEK	875508	0.42	0.43	https://www.ap3.se/en/forvaltning/ap3s-portfolj/ap3s-vardepapper
AP3	WALLENSTAM AB-B SHS	SE0017780133	2025-02-11	131,328	SEK	2747453	0.42	0.21	https://www.ap3.se/en/forvaltning/ap3s-portfolj/ap3s-vardepapper
AP3	ASSA ABLOY AB-B	SE0007100581	2025-02-11	1,506,369	SEK	4609453	0.41	0.28	https://www.ap3.se/en/forvaltning/ap3s-portfolj/ap3s-vardepapper
AP3	TELE2 AB-B SHS	SE0005190238	2025-02-11	311,762	SEK	2853661	0.41	0.36	https://www.ap3.se/en/forvaltning/ap3s-portfolj/ap3s-vardepapper
AP3	AUTOLIV INC-SWED DEP RECEIPT	SE0021309614	2025-02-11	365,088	SEK	355767	0.41	0.41	https://www.ap3.se/en/forvaltning/ap3s-portfolj/ap3s-vardepapper
AP3	LAGERCRANTZ GROUP AB-B SHS	SE0014990966	2025-02-11	176,460	SEK	850000	0.41	0.29	https://www.ap3.se/en/forvaltning/ap3s-portfolj/ap3s-vardepapper
AP3	VIAPLAY GROUP AB	SE0012116390	2025-02-11	12,611	SEK	18600000	0.41	0.41	https://www.ap3.se/en/forvaltning/ap3s-portfolj/ap3s-vardepapper
AP3	ADDTECH AB-B SHARES	SE0014781795	2025-02-11	301,200	SEK	1000000	0.37	0.26	https://www.ap3.se/en/forvaltning/ap3s-portfolj/ap3s-vardepapper
AP3	INVESTOR AB-B SHS	SE0015811963	2025-02-11	3,280,809	SEK	11208776	0.37	0.08	https://www.ap3.se/en/forvaltning/ap3s-portfolj/ap3s-vardepapper
AP3	VOLVO CAR AB-B	SE0021628898	2025-02-11	259,919	SEK	10839000	0.36	0.36	https://www.ap3.se/en/forvaltning/ap3s-portfolj/ap3s-vardepapper
AP3	SVENSKA CELLULOSA AB SCA-B	SE0000112724	2025-02-11	347,424	SEK	2473646	0.35	0.19	https://www.ap3.se/en/forvaltning/ap3s-portfolj/ap3s-vardepapper
AP3	VESTUM AB	SE0017134125	2025-02-11	14,593	SEK	1302991	0.35	0.35	https://www.ap3.se/en/forvaltning/ap3s-portfolj/ap3s-vardepapper
AP3	CAMURUS AB	SE0007692850	2025-02-11	113,100	SEK	200000	0.34	0.34	https://www.ap3.se/en/forvaltning/ap3s-portfolj/ap3s-vardepapper
AP3	NORDNET AB PUBL	SE0015192067	2025-02-11	195,088	SEK	830869	0.33	0.33	https://www.ap3.se/en/forvaltning/ap3s-portfolj/ap3s-vardepapper
AP3	BONAVA AB-B SHARES	SE0008091581	2025-02-11	7,874	SEK	991707	0.31	0.17	https://www.ap3.se/en/forvaltning/ap3s-portfolj/ap3s-vardepapper
AP3	SWECO AB-B SHS	SE0014960373	2025-02-11	174,253	SEK	1058000	0.29	0.16	https://www.ap3.se/en/forvaltning/ap3s-portfolj/ap3s-vardepapper
AP3	TELIA CO AB	SE0000667925	2025-02-11	349,953	SEK	11410269	0.29	0.29	https://www.ap3.se/en/forvaltning/ap3s-portfolj/ap3s-vardepapper
AP3	LOOMIS AB	SE0014504817	2025-02-11	69,254	SEK	205867	0.29	0.29	https://www.ap3.se/en/forvaltning/ap3s-portfolj/ap3s-vardepapper
AP3	AMBEA AB	SE0009663826	2025-02-11	25,103	SEK	260000	0.29	0.29	https://www.ap3.se/en/forvaltning/ap3s-portfolj/ap3s-vardepapper
AP3	INDUTRADE AB	SE0001515552	2025-02-11	288,080	SEK	1040000	0.29	0.29	https://www.ap3.se/en/forvaltning/ap3s-portfolj/ap3s-vardepapper
AP3	KINNEVIK AB - B	SE0022060521	2025-02-11	54,168	SEK	734585	0.26	0.13	https://www.ap3.se/en/forvaltning/ap3s-portfolj/ap3s-vardepapper
AP3	FASTIGHETS AB BALDER-B SHRS	SE0017832488	2025-02-11	236,369	SEK	3077726	0.26	0.17	https://www.ap3.se/en/forvaltning/ap3s-portfolj/ap3s-vardepapper
AP3	SDIPTECH AB - B	SE0003756758	2025-02-11	24,256	SEK	102000	0.26	0.19	https://www.ap3.se/en/forvaltning/ap3s-portfolj/ap3s-vardepapper
AP3	NORDEA BANK ABP	FI4000297767	2025-02-11	1,078,435	SEK	8964546	0.26	0.26	https://www.ap3.se/en/forvaltning/ap3s-portfolj/ap3s-vardepapper
AP3	MODERN TIMES GROUP-B SHS	SE0018012494	2025-02-11	31,036	SEK	327042	0.25	0.25	https://www.ap3.se/en/forvaltning/ap3s-portfolj/ap3s-vardepapper
AP3	PEAB AB-CLASS B	SE0000106205	2025-02-11	59,400	SEK	750000	0.25	0.12	https://www.ap3.se/en/forvaltning/ap3s-portfolj/ap3s-vardepapper
AP3	AXFOOD AB	SE0006993770	2025-02-11	123,949	SEK	529698	0.24	0.24	https://www.ap3.se/en/forvaltning/ap3s-portfolj/ap3s-vardepapper
AP3	LUNDBERGS AB-B SHS	SE0000108847	2025-02-11	298,104	SEK	595017	0.24	0.05	https://www.ap3.se/en/forvaltning/ap3s-portfolj/ap3s-vardepapper
AP3	HOLMEN AB-B SHARES	SE0011090018	2025-02-11	155,205	SEK	382089	0.24	0.07	https://www.ap3.se/en/forvaltning/ap3s-portfolj/ap3s-vardepapper
AP3	INVESTOR AB-A SHS	SE0015811955	2025-02-11	1,998,569	SEK	6839730	0.22	0.48	https://www.ap3.se/en/forvaltning/ap3s-portfolj/ap3s-vardepapper
AP3	INDUSTRIVARDEN AB-A SHS	SE0000190126	2025-02-11	322,357	SEK	922602	0.21	0.36	https://www.ap3.se/en/forvaltning/ap3s-portfolj/ap3s-vardepapper
AP3	EOLUS VIND AB-B SHS	SE0007075056	2025-02-11	2,400	SEK	50000	0.20	0.14	https://www.ap3.se/en/forvaltning/ap3s-portfolj/ap3s-vardepapper
AP3	ARJO AB - B SHARES	SE0010468116	2025-02-11	19,037	SEK	525000	0.19	0.12	https://www.ap3.se/en/forvaltning/ap3s-portfolj/ap3s-vardepapper
AP3	SECTRA AB-B SHS	SE0022419784	2025-02-11	102,497	SEK	370493	0.19	0.12	https://www.ap3.se/en/forvaltning/ap3s-portfolj/ap3s-vardepapper
AP3	CINT GROUP AB	SE0015483276	2025-02-11	5,064	SEK	400000	0.19	0.19	https://www.ap3.se/en/forvaltning/ap3s-portfolj/ap3s-vardepapper
AP3	TOBII AB	SE0002591420	2025-02-11	941	SEK	440000	0.19	0.19	https://www.ap3.se/en/forvaltning/ap3s-portfolj/ap3s-vardepapper
AP3	ALIMAK GROUP AB	SE0007158910	2025-02-11	23,480	SEK	200000	0.19	0.19	https://www.ap3.se/en/forvaltning/ap3s-portfolj/ap3s-vardepapper
AP3	INSTALCO AB	SE0017483506	2025-02-11	15,418	SEK	467782	0.18	0.18	https://www.ap3.se/en/forvaltning/ap3s-portfolj/ap3s-vardepapper
AP3	SECURITAS AB-B SHS	SE0000163594	2025-02-11	136,900	SEK	1000000	0.17	0.12	https://www.ap3.se/en/forvaltning/ap3s-portfolj/ap3s-vardepapper
AP3	APOTEA SVERIGE AB	SE0023313762	2025-02-11	14,709	SEK	175000	0.17	0.17	https://www.ap3.se/en/forvaltning/ap3s-portfolj/ap3s-vardepapper
AP3	BILIA AB-A SHS	SE0009921588	2025-02-11	18,105	SEK	150000	0.16	0.16	https://www.ap3.se/en/forvaltning/ap3s-portfolj/ap3s-vardepapper
AP3	ATRIUM LJUNGBERG AB-B SHS	SE0000191827	2025-02-11	39,640	SEK	200000	0.15	0.12	https://www.ap3.se/en/forvaltning/ap3s-portfolj/ap3s-vardepapper
AP3	ENGCON AB	SE0017769847	2025-02-11	20,920	SEK	200000	0.13	0.04	https://www.ap3.se/en/forvaltning/ap3s-portfolj/ap3s-vardepapper
AP3	LIFCO AB-B SHS	0	2025-02-11	191,253	SEK	596547			https://www.ap3.se/en/forvaltning/ap3s-portfolj/ap3s-vardepapper
AP3	ERICSSON LM-A SHS	SE0000108649	2025-02-11	394,288	SEK	4390736	0.13	0.77	https://www.ap3.se/en/forvaltning/ap3s-portfolj/ap3s-vardepapper
AP3	INDUSTRIVARDEN AB-C SHS	SE0000107203	2025-02-11	177,579	SEK	508676	0.12	0.02	https://www.ap3.se/en/forvaltning/ap3s-portfolj/ap3s-vardepapper
AP3	MEDICOVER AB - B SHARE	SE0009778848	2025-02-11	33,792	SEK	176000	0.11	0.02	https://www.ap3.se/en/forvaltning/ap3s-portfolj/ap3s-vardepapper
AP3	ABB LTD-REG	CH0012221716	2025-02-11	1,236,255	SEK	2076343	0.11	0.11	https://www.ap3.se/en/forvaltning/ap3s-portfolj/ap3s-vardepapper
AP3	STORA ENSO OYJ-R SHS	FI0009007611	2025-02-11	92,770	SEK	832019	0.11	0.04	https://www.ap3.se/en/forvaltning/ap3s-portfolj/ap3s-vardepapper
AP3	NCC AB-B SHS	SE0000117970	2025-02-11	16,298	SEK	100360	0.10	0.06	https://www.ap3.se/en/forvaltning/ap3s-portfolj/ap3s-vardepapper
AP3	STILLFRONT GROUP AB	SE0015346135	2025-02-11	4,178	SEK	500000	0.10	0.10	https://www.ap3.se/en/forvaltning/ap3s-portfolj/ap3s-vardepapper
AP3	TRATON SE	DE000TRAT0N7	2025-02-11	150,887	SEK	473000	0.09	0.09	https://www.ap3.se/en/forvaltning/ap3s-portfolj/ap3s-vardepapper
AP3	CATENA AB	SE0001664707	2025-02-11	23,650	SEK	50000	0.08	0.08	https://www.ap3.se/en/forvaltning/ap3s-portfolj/ap3s-vardepapper
AP3	SANIONA AB	SE0005794617	2025-02-11	696	SEK	86556	0.08	0.08	https://www.ap3.se/en/forvaltning/ap3s-portfolj/ap3s-vardepapper
AP3	ASTRAZENECA PLC	GB0009895292	2025-02-11	1,489,389	SEK	1029650	0.07	0.07	https://www.ap3.se/en/forvaltning/ap3s-portfolj/ap3s-vardepapper
AP3	NOBIA AB	SE0000949331	2025-02-11	769	SEK	200000	0.03	0.03	https://www.ap3.se/en/forvaltning/ap3s-portfolj/ap3s-vardepapper
AP3	VOLVO AB-A SHS	SE0000115420	2025-02-11	97,304	SEK	360118	0.02	0.06	https://www.ap3.se/en/forvaltning/ap3s-portfolj/ap3s-vardepapper
AP3	ATLAS COPCO AB-A SHS	SE0017486889	2025-02-11	119,750	SEK	709209	0.01	0.02	https://www.ap3.se/en/forvaltning/ap3s-portfolj/ap3s-vardepapper
AP3	NOKIA OYJ	FI0009000681	2025-02-11	29,346	SEK	600000	0.01	0.01	https://www.ap3.se/en/forvaltning/ap3s-portfolj/ap3s-vardepapper
AP3	SSAB AB-A SHARES	SE0000171100	2025-02-11	45	SEK	1000	0.00	0.00	https://www.ap3.se/en/forvaltning/ap3s-portfolj/ap3s-vardepapper
AP3	EPIROC AB-A	SE0015658109	2025-02-11	193	SEK	1000	0.00	0.00	https://www.ap3.se/en/forvaltning/ap3s-portfolj/ap3s-vardepapper
